-- Adminer 4.7.1 MySQL dump

SET NAMES utf8;
SET time_zone = '+00:00';
SET foreign_key_checks = 0;
SET sql_mode = 'NO_AUTO_VALUE_ON_ZERO';


INSERT INTO `tbl_butir_kegiatan` (`id_butir`, `id_sub_unsur`, `butir_kegiatan`, `satuan`, `angka_kredit`) VALUES
(1,	2,	'Diploma III',	'Ijazah',	60),
(2,	2,	'Lamanya 961 jam atau lebih',	'Sertifikat',	15),
(3,	2,	'Lamanya antara 641 s.d 960 jam',	'Sertifikat',	9),
(4,	2,	'Lamanya antara 481 s.d 640 jam',	'Sertifikat',	6),
(5,	2,	'Lamanya antara 161 s.d 480 jam',	'Sertifikat',	3),
(6,	2,	'Lamanya antara 081 s.d 160 jam',	'Sertifikat',	2),
(7,	2,	'Lamanya antara 030 s.d 080 jam',	'Sertifikat',	1),
(8,	5,	'Prajabatan Golongan II',	'Sertifikat',	1.5),
(9,	6,	'Mencatat surat/naskah',	'Naskah',	0.0001),
(10,	6,	'Menyeleksi surat/naskah',	'Naskah',	0.0004),
(11,	6,	'Mengarahkan surat/naskah',	'Naskah',	0.0001),
(12,	6,	'Mengendalikan surat dan memantau tindak lanjut surat',	'Surat/Naskah',	0.0025),
(13,	6,	'Melakukan entri data ke komputer',	'Nomor',	0.0015),
(14,	6,	'Melakukan pengeditan data base, penggabungan data kearsipan dan penyesuaian struktur ke dalam sistem aplikasi kearsipan setiap 100 nomor',	'Nomor',	0.0003),
(15,	6,	'Melakukan monitoring penggunaan aplikasi sistem informasi kearsipan',	'Laporan',	1.2),
(16,	6,	'Melakukan pemantauan pengelolaan arsip',	'Laporan',	0.52),
(17,	6,	'Melakukan kontrol sistem akses arsip elektronik',	'Laporan',	0.16),
(18,	6,	'Melakukan peliputan kegiatan kedinasan yang menghasilkan arsip Audio',	'Kaset',	0.002),
(19,	6,	'Melakukan peliputan kegiatan kedinasan yang menghasilkan arsip Video',	'Kaset',	0.01),
(20,	6,	'Melakukan peliputan kegiatan kedinasan yang menghasilkan arsip Foto',	'Lembar',	0.005),
(23,	7,	'Menyusun rencana pemberkasan arsip aktif',	'Laporan',	0.32),
(24,	7,	'Memberkaskan arsip aktif setiap 50 berkas',	'Berkas',	0.12),
(25,	7,	'Membuat daftar arsip aktif setiap 100 nomor',	'Daftar',	0),
(28,	7,	'Membuat daftar arsip inaktif teratur setiap 100 nomor',	'Daftar',	0.3),
(29,	7,	'Membuat daftar arsip inaktif tidak teratur setiap 100 nomor',	'Daftar',	0.6),
(30,	7,	'Membuat daftar isi berkas arsip setiap 100 nomor',	'Daftar',	0.2),
(31,	7,	'Melaksanakan penyeleksian arsip inaktif yang akan disusutkan',	'Laporan',	0.08),
(32,	7,	'Membuat daftar arsip statis setiap 100 nomor',	'Daftar',	0.9),
(33,	7,	'Kategori 1 : Dikerjakan secara perorangan, Volume berkisar 1 - 5 meter linier, dan memerlukan waktu penyelesaian 1 bulan',	'Inventaris',	1),
(34,	7,	'Kategori 2 : Dikerjakan secara Tim kerja dengan jumlah anggota maksimal 5 orang, Volume berkisar antara 15 - 75 meter linier, dan memerlukan waktu penyelesaian 3 bulan (Ketua)',	'Inventaris',	6),
(35,	7,	'Kategori 2 : Dikerjakan secara Tim kerja dengan jumlah anggota maksimal 5 orang, Volume berkisar antara 15 - 75 meter linier, dan memerlukan waktu penyelesaian 3 bulan (Anggota)',	'Inventaris',	3),
(36,	7,	'Kategori 2 : Dikerjakan secara Tim kerja dengan jumlah anggota maksimal 5 orang, Volume berkisar antara 15 - 75 meter linier, dan memerlukan waktu penyelesaian 3 bulan (Anggota 2)',	'Inventaris',	1.2),
(37,	7,	'Kategori 3 : Dikerjakan secara Tim kerja dengan jumlah anggota maksimal 7 orang, dengan narasumber, Volume berkisar antara 76 - 175 meter linier, dan memerlukan waktu penyelesaian 5 bulan (Anggota 1)',	'Inventaris',	10),
(38,	7,	'Kategori 3 : Dikerjakan secara Tim kerja dengan jumlah anggota maksimal 7 orang, dengan narasumber, Volume berkisar antara 76 - 175 meter linier, dan memerlukan waktu penyelesaian 5 bulan (Anggota 2)',	'Inventaris',	5),
(39,	7,	'Kategori 3 : Dikerjakan secara Tim kerja dengan jumlah anggota maksimal 7 orang, dengan narasumber, Volume berkisar antara 76 - 175 meter linier, dan memerlukan waktu penyelesaian 5 bulan (Anggota 3)',	'Inventaris',	2),
(40,	7,	'Kategori 4 : Dikerjakan secara Tim kerja dengan jumlah anggota maksimal 7 orang, dengan narasumber, Volume berkisar antara 176 - 315 meter linier, dan memerlukan waktu penyelesaian 9 bulan (Anggota 1)',	'Inventaris',	18),
(41,	7,	'Kategori 4 : Dikerjakan secara Tim kerja dengan jumlah anggota maksimal 7 orang, dengan narasumber, Volume berkisar antara 176 - 315 meter linier, dan memerlukan waktu penyelesaian 9 bulan (Anggota 2)',	'Inventaris',	9),
(42,	7,	'Kategori 4 : Dikerjakan secara Tim kerja dengan jumlah anggota maksimal 7 orang, dengan narasumber, Volume berkisar antara 176 - 315 meter linier, dan memerlukan waktu penyelesaian 9 bulan (Anggota 3)',	'Inventaris',	3.6),
(43,	7,	'Kategori 5 : Dikerjakan secara Tim kerja dengan jumlah anggota maksimal 7 orang, dengan narasumber, Volume berkisar antara 316 - 420 meter linier, dan memerlukan waktu penyelesaian 1 tahun (Anggota 1)',	'Inventaris',	24),
(44,	7,	'Kategori 5 : Dikerjakan secara Tim kerja dengan jumlah anggota maksimal 7 orang, dengan narasumber, Volume berkisar antara 316 - 420 meter linier, dan memerlukan waktu penyelesaian 1 tahun (Anggota 2)',	'Inventaris',	12),
(45,	7,	'Kategori 1 : Dikerjakan perorangan, Volume berkisar 1 - 5 meter linier, dan memerlukan waktu penyelesaian 2,5 bulan',	'Inventaris',	5),
(46,	7,	'Kategori 2 : Dikerjakan secara Tim kerja dengan jumlah anggota maksimal 5 orang, Volume berkisar antara 60- 125 meter linier, dan memerlukan waktu penyelesaian 6 bulan (Anggota)',	'Inventaris',	12),
(47,	7,	'Kategori 3 : Dikerjakan secara tim kerja dengan jumlah anggota maksimal 7 orang ,dengan narasumber, volume berkisar antara 126 - 167 meter linier, dan memerlukan waktu penyelesaian 9 bulan (Anggota)',	'Inventaris',	18),
(48,	7,	'Kategori 4 : Dikerjakan secara tim kerja dengan jumlah anggota maksimal 7 orang, dengan narasumber, volume 168 meter linier keatas, dan memerlukan waktu penyelesaian 12 bulan (Anggota)',	'Inventaris',	24),
(49,	7,	'Membuat ikhtisar khasanah arsip',	'Tema/Buku',	2.4),
(50,	7,	'Melakukan transliterasi arsip paleografi/hurup asing',	'Lembar',	0.06),
(51,	7,	'Menyusun informasi arsip pandang dengar beridentitas Citra bergerak (film) ',	'Can/Reel',	0.08),
(52,	7,	'Menyusun informasi arsip pandang dengar beridentitas Citra bergerak (video) ',	'Kaset',	0.08),
(53,	7,	'Menyusun informasi arsip pandang dengar beridentitas Gambar statik',	'Lembar/Ekspose',	0.005),
(54,	7,	'Menyusun informasi arsip pandang dengar beridentitas Rekaman suara',	'Kaset',	0.04),
(55,	7,	'Membuat indeks arsip pandang dengar Citra bergerak (film)',	'Can/Reel',	0.01),
(56,	7,	'Membuat indeks arsip pandang dengar Citra bergerak (video)',	'Kaset',	0.01),
(57,	7,	'Membuat indeks arsip pandang dengar Gambar statik',	'Lembar/Ekspose',	0.01),
(58,	7,	'Membuat indeks arsip pandang dengar Rekaman suara',	'Kaset',	0.01),
(59,	7,	'Membuat daftar arsip pandang dengar beridentitas setiap 100 nomor Citra bergerak (film)',	'Nomor',	3),
(60,	7,	'Membuat daftar arsip pandang dengar beridentitas setiap 100 nomor Citra bergerak (video)',	'Nomor',	3),
(61,	7,	'Membuat daftar arsip pandang dengar beridentitas setiap 100 nomor Gambar statik',	'Nomor',	3),
(62,	7,	'Membuat daftar arsip pandang dengar beridentitas setiap 100 nomor Rekaman suara',	'Nomor',	3),
(63,	7,	'Membuat daftar arsip pandang dengar tidak beridentitas setiap 100 nomor Citra bergerak (film)',	'Nomor',	4),
(64,	7,	'Membuat daftar arsip pandang dengar tidak beridentitas setiap 100 nomor Citra bergerak (video)',	'Nomor',	4),
(65,	7,	'Membuat daftar arsip pandang dengar tidak beridentitas setiap 100 nomor Gambar statik',	'Nomor',	4),
(66,	7,	'Membuat daftar arsip pandang dengar tidak beridentitas setiap 100 nomor Rekaman suara',	'Nomor',	4),
(67,	7,	'Membuat daftar arsip kartografik: (pemilahan, mendeskripsi, menyusun skema, mengelompokkan, menyusun dalam daftar) setiap 100 nomor)',	'Daftar',	2),
(68,	8,	'Melakukan penyimpanan dan penataan arsip setiap 100 nomor',	'Laporan',	0.04),
(69,	8,	'Membuat denah dan peta lokasi penyimpanan arsip',	'Laporan/denah',	0.6),
(70,	8,	'Menyeleksi arsip yang akan direstorasi tekstual/konvensional',	'Berkas',	0.0025),
(71,	8,	'Menyeleksi arsip yang akan direstorasi Media baru (film)',	'Can/Reel',	0.0025),
(72,	8,	'Menyeleksi arsip yang akan direstorasi Media baru (video)',	'Kaset',	0.0035),
(73,	8,	'Menyeleksi arsip yang akan direstorasi Media baru (gambar statik)',	'Lembar/Ekspose',	0.0016),
(74,	8,	'Menyeleksi arsip yang akan direstorasi Media baru (Rekaman suara/sejarah lisan)',	'Piringan/Kaset',	0.025),
(75,	8,	'Menyeleksi arsip yang akan direstorasi Katografi',	'Lembar',	0.0017),
(76,	8,	'Melakukan kegiatan restorasi/perbaikan arsip (laminasi, enkapsulasi, leafcasting) meliputi tahapan: (a. penomoran arsip)',	'Bundel/jilid',	0.012),
(77,	8,	'Melakukan kegiatan restorasi/perbaikan arsip (laminasi, enkapsulasi, leafcasting) meliputi tahapan: (b. menambal dan menyambung)',	'Lembar',	0.0007),
(78,	8,	'Melakukan kegiatan restorasi/perbaikan arsip (laminasi, enkapsulasi, leafcasting) meliputi tahapan: (c. menghilangkan debu, jamur dan kotoran lain)',	'Lembar',	0.00033),
(79,	8,	'Melakukan kegiatan restorasi/perbaikan arsip (laminasi, enkapsulasi, leafcasting) meliputi tahapan: (d. Melakukan pengepresan arsip)',	'Lembar',	0.00033),
(80,	8,	'Melakukan kegiatan restorasi/perbaikan arsip (laminasi, enkapsulasi, leafcasting) meliputi tahapan: (e. penentuan bahan formula restorasi)',	'Formula',	0.0008),
(81,	8,	'Melakukan kegiatan restorasi/perbaikan arsip (laminasi, enkapsulasi, leafcasting) meliputi tahapan: (f. Mengeringkan arsip secara manual)',	'Lembar',	0.0006),
(82,	8,	'Melakukan kegiatan restorasi/perbaikan arsip (laminasi, enkapsulasi, leafcasting) meliputi tahapan: (g. Mengeringkan dengan vacum dry chamber)',	'Bundel/jilid',	0.01),
(83,	8,	'Melakukan rewashing arsip: (film)',	'Reel',	0.016),
(84,	8,	'Melakukan rewashing arsip: (microfilm)',	'Reel',	0.008),
(85,	8,	'Melakukan rewashing arsip: (klise/negatif foto)',	'Lembar',	0.001),
(86,	8,	'Melakukan Recleaning arsip video per 100 kaset',	'Kaset',	0.007),
(87,	8,	'Melakukan Rewinding arsip rekaman suara',	'Kaset',	0.002),
(88,	8,	'Melakukan penilaian terhadap hasil restorasi dan perawatan arsip/alih media (quality control): (a. Tekstual/Konvensional)',	'Lembar',	0.002),
(89,	8,	'Melakukan penilaian terhadap hasil restorasi dan perawatan arsip/alih media (quality control): (b. Media Baru: film)',	'Keping/reel',	0.005),
(90,	8,	'Melakukan penilaian terhadap hasil restorasi dan perawatan arsip/alih media (quality control): (b. Media Baru: citra bergerak)',	'Can/Reel',	0.005),
(91,	8,	'Melakukan penilaian terhadap hasil restorasi dan perawatan arsip/alih media (quality control): (b. Media Baru: gambar static)',	'Ekspose',	0.002),
(92,	8,	'Melakukan penilaian terhadap hasil restorasi dan perawatan arsip/alih media (quality control): (b. Media Baru: rekaman suara/sejarah lisan)',	'Piringan/Kaset',	0.005),
(93,	8,	'Melakukan penilaian terhadap hasil restorasi dan perawatan arsip/alih media (quality control): (c. Kartografi)',	'Lembar',	0.002),
(94,	8,	'Melakukan perawatan: a. tekstual',	'Berkas',	0.0025),
(95,	8,	'Melakukan perawatan: b. mikrofische',	'Ekspose',	0.0025),
(96,	8,	'Melakukan perawatan: c. microfilm',	'Rol',	0.0025),
(97,	8,	'Melakukan perawatan: d. film',	'Can/Reel',	0.003),
(98,	8,	'Melakukan perawatan: f. Negative foto',	'Lembar',	0.0017),
(99,	8,	'Melakukan perawatan: g. Rekaman suara/sejarah lisan',	'Piringan/Kaset',	0.02),
(100,	8,	'Menyeleksi arsip foto yang akan dialihmediakan: a. Klise/Foto negatif yang akan dicetak',	'Ekspose',	0.0075),
(101,	8,	'Menyeleksi arsip foto yang akan dialihmediakan: b. Positif yang akan direpro/discan',	'Lembar',	0.005),
(102,	8,	'Menyeleksi arsip foto yang akan dialihmediakan: c. Foto positif/gambar yang akan dibuat foto negatif/klise',	'Lembar',	0.005),
(103,	8,	'Melakukan alih media arsip kertas ke: a. Microfilm',	'Bundel/jilid',	0.08),
(104,	8,	'Melakukan alih media arsip kertas ke: b. Mikrofische',	'Bundel/jilid',	0.08),
(105,	8,	'Melakukan alih media arsip kertas ke: c. CD',	'Bundel/jilid',	0.08),
(106,	8,	'Melakukan alihmedia arsip film kevideo dan CD',	'Reel',	0.002),
(107,	8,	'Melakukan alihmedia arsip video ke video dan CD/DVD',	'Kaset',	0.01),
(108,	8,	'Melakukan alih media arsip foto ke kertas foto dan CD',	'Lembar',	0.005),
(109,	8,	'Melakukan alih media arsip Audio (rekaman suara/sejarah lisan) dari kaset ke CD',	'Kaset',	0.01),
(110,	8,	'Melakukan konversi media simpan arsip elektronik',	'Laporan',	0.005),
(111,	8,	'Melakukan alih format arsip elektronik',	'Laporan',	0.005),
(112,	8,	'Melakukan pemindaian (scanning)',	'Tiap Lembar',	0.0025),
(123,	9,	'Memberikan layanan Arsip: a. Konvensional',	'Nomor',	0.004),
(124,	9,	'Memberikan layanan Arsip: b. Film dan video',	'Nomor',	0.02),
(125,	9,	'Memberikan layanan Arsip: c. Rekaman Suara, Mikrofilm',	'Buah',	0.01),
(126,	9,	'Memberikan layanan Arsip: d. Kartografi dan Gambar Statik',	'Nomor',	0.0001),
(127,	9,	'Memeriksa integritas berkas yang digunakan dalam layanan',	'Nomor',	0.02),
(128,	9,	'Memberikan layanan alih media: a. Arsip konvensional',	'Lembar',	0.01),
(129,	9,	'Memberikan layanan alih media: b. Arsip media baru/Audiovisual',	'Kaset/rool',	0.1),
(130,	10,	'Melakukan Penerbitan Tematik Sumber Kearsipan',	'Buku',	4.8),
(131,	10,	'Melaksanakan kegiatan publikasi arsip pandang dengar melalui media elektronik: a.Menjadi pengumpul bahan',	'Judul',	0.48),
(132,	10,	'Melaksanakan kegiatan publikasi arsip pandang dengar melalui media elektronik: b.Penata Gambar',	'Judul',	0.9),
(133,	10,	'Mengumpulkan bahan pameran kearsipan',	'Nomor',	0.008),
(134,	10,	'Menyeleksi materi/bahan pameran kearsipan',	'Nomor',	0.01),
(135,	10,	'Menyusun katalog pameran kearsipan',	'Nomor',	0.04),
(136,	10,	'Membuat representasi informasi/caption',	'Caption',	0.04),
(137,	10,	'Memberikan panduan pada pameran kearsipan',	'Perhari',	0.12),
(138,	16,	'Menyusun materi bimbingan teknis kearsipan',	'Naskah',	1),
(139,	16,	'Memberikan bimbingan Arsiparis yang berkaitan dengan jabatan fungsional Arsiparis',	'Laporan',	0.02),
(140,	16,	'Memberikan layanan konsultasi penyusunan dan persetujuan sistem Pengelolaan Arsip',	'Tiap Kali',	0.1),
(141,	17,	'Membuat karya tulis/karya ilmiah hasil penelitian, pengkajian, survey dan evaluasi di bidang kearsipan yang dipublikasikan: a.Dalam bentuk buku yang diterbitkan dan diedarkan secara nasional',	'Buku',	12.5),
(142,	17,	'Membuat karya tulis/karya ilmiah hasil penelitian, pengkajian, survey dan evaluasi di bidang kearsipan yang dipublikasikan: b.Dalam majalah ilmiah yang diakui oleh LIPI',	'Naskah',	6),
(143,	17,	'Membuat karya tulis/karya ilmiah hasil penelitian, pengkajian, survey dan evaluasi di bidang kearsipan yang tidak dipublikasikan: a. Dalam bentuk buku',	'Buku',	8),
(144,	17,	'Membuat karya tulis/karya ilmiah hasil penelitian, pengkajian, survey dan evaluasi di bidang kearsipan yang tidak dipublikasikan: a. Dalam bentuk makalah',	'Naskah',	4),
(145,	17,	'Membuat karya tulis/karya ilmiah berupa tinjauan atau ulasan ilmiah dengan gagasan sendiri di bidang kearsipan yang dipublikasikan: a.Dalam bentuk buku yang diterbitkan dan diedarkan secara nasional',	'Buku',	8),
(146,	17,	'Membuat karya tulis/karya ilmiah berupa tinjauan atau ulasan ilmiah dengan gagasan sendiri di bidang kearsipan yang dipublikasikan: b.Dalam majalah ilmiah yang diakui oleh LIPI',	'Naskah',	4),
(147,	17,	'Membuat karya tulis/karya ilmiah berupa tinjauan atau ulasan ilmiah dengan gagasan sendiri di bidang kearsipan yang tidak dipublikasikan: a.Dalam bentuk buku',	'Buku',	7.5),
(148,	17,	'Membuat karya tulis/karya ilmiah berupa tinjauan atau ulasan ilmiah dengan gagasan sendiri di bidang kearsipan yang tidak dipublikasikan: b.Dalam bentuk makalah',	'Makalah',	3.5),
(149,	17,	'Membuat tulisan ilmiah populer di bidang kearsipan yang disebar luaskan melalui media massa',	'Karya',	2),
(150,	17,	'Menyampaikan prasaran berupa tinjauan, gagasan dan atau ulasan ilmiah di bidang kearsipan pada pertemuan ilmiah',	'Naskah',	2.5),
(151,	18,	'Menemukan teknologi tepat guna di bidang kearsipan',	'-',	6.5),
(152,	19,	'Mengikuti uji kompetensi/sertifikasi dan mendapatkan sertifikat',	'Sertifikat',	1),
(153,	20,	'Menerjemahankan/menyadur di bidang kearsipan yang dipublikasikan dalam bentuk : a.Buku yang diterbitkan atau diedarkan secara nasional',	'Buku',	7),
(154,	20,	'Menerjemahankan/menyadur di bidang kearsipan yang dipublikasikan dalam bentuk : b.Majalah ilmiah yang diakui oleh instansi yang berwenang',	'Majalah',	1.5),
(155,	20,	'Menerjemahankan/menyadur di bidang kearsipan yang tidak dipublikasikan dalam bentuk : a.Buku',	'Buku',	3),
(156,	20,	'Menerjemahankan/menyadur di bidang kearsipan yang tidak dipublikasikan dalam bentuk : b.Makalah',	'Naskah',	1.5),
(157,	20,	'Membuat abstrak tulisan ilmiah bidang kearsipan yang dimuat dalam penelitian',	'Tiap Lembar',	0.15),
(158,	21,	'Mengajar/melatih pada pendidikan dan pelatihan kearsipan',	'2 Jam Pelajaran',	0.04),
(159,	22,	'Mengikuti bimbingan kearsipan',	'Sertifikat/surat ket.',	1),
(160,	23,	'Mengikuti seminar/ lokakarya sebagai : a.Pemrasaran',	'Kali',	3),
(161,	23,	'Mengikuti seminar/ lokakarya sebagai : b.Pembahas/ moderator/ narasumber',	'Kali',	2),
(162,	23,	'Mengikuti seminar/ lokakarya sebagai : c.Peserta',	'Kali',	1),
(163,	23,	'Mengikuti delegasi ilmiah sebagai : a.Ketua',	'Kali',	1.5),
(164,	23,	'Mengikuti delegasi ilmiah sebagai : b.Anggota',	'Kali',	1.5),
(165,	24,	'Menjadi anggota organisasi profesi sebagai : a. Ketua/Wakil Ketua',	'Tahun',	1),
(166,	24,	'Menjadi anggota organisasi profesi sebagai : b.Anggota',	'Tahun',	0.75),
(167,	25,	'Menjadi anggota Tim Penilai',	'Dupak',	0.04),
(168,	26,	'Penghargaan/tanda jasa Satya Lancana Karya Satya: a.30 (tiga puluh) tahun',	'Sertifikat/Piagam',	3),
(169,	26,	'Penghargaan/tanda jasa Satya Lancana Karya Satya: b.20 (dua puluh) tahun',	'Sertifikat/Piagam',	2),
(170,	26,	'Penghargaan/tanda jasa Satya Lancana Karya Satya: c.10 (sepuluh) tahun',	'Sertifikat/Piagam',	1),
(171,	26,	'Mengikuti lomba kearsipan: a.Sebagai Pemenang Tingkat Nasional/Internasional',	'Sertifikat/Piagam',	3),
(172,	26,	'Mengikuti lomba kearsipan: b.Sebagai Pemenang Tingkat Instansi/Propinsi',	'Sertifikat/Piagam',	2),
(173,	26,	'Mengikuti lomba kearsipan: c.Sebagai Pemenang Tingkat Kabupaten/Kota',	'Sertifikat/Piagam',	1),
(174,	27,	'Memperoleh ijazah lain yang tidak sesuai dengan bidang tugasnya: a.Diploma III',	'Ijazah',	3),
(175,	27,	'Memperoleh ijazah lain yang tidak sesuai dengan bidang tugasnya: b.Sarjana (S1)/Diploma IV',	'Ijazah',	5);

INSERT INTO `tbl_jabatan` (`id_jabatan`, `id_posisi`, `nm_jabatan`) VALUES
(2,	1,	'Terampil'),
(3,	2,	'Pustakawan Terampil'),
(4,	2,	'Pustakawan Ahli'),
(5,	1,	'Ahli'),
(6,	3,	'PLP Terampil'),
(7,	3,	'PLP Ahli'),
(8,	4,	'Pengembang Teknologi Pembelajaran'),
(9,	6,	'Analis Kepegawaian Tingkat Terampil'),
(10,	6,	'Analis Kepegawaian Tingkat Ahli'),
(11,	5,	'PBJ Pertama'),
(12,	5,	'PBJ Muda'),
(13,	5,	'PBJ Madya');



INSERT INTO `tbl_pangkat` (`id_pangkat`, `id_jabatan`, `nm_pangkat`, `angka_kredit_minimal`, `peringkat`) VALUES
(4,	2,	'Pelaksana - Pengatur (II/c)',	60,	60),
(5,	2,	'Pelaksana - Pengatur   Tk. I (II/d)',	80,	80),
(6,	2,	'Pelaksana Lanjutan -Penata Muda (III/a)',	100,	100),
(7,	2,	'Pelaksana Lanjutan -Penata Muda Tk. I (III/b)',	150,	150),
(8,	2,	'Penyelia - Penata (III/c)',	200,	200),
(9,	2,	'Penyelia - Penata Tk. I (III/d)',	300,	300),
(10,	5,	'Arsiparis Pertama - Penata Muda (III/a)',	100,	100),
(11,	5,	'Arsiparis Pertama - Penata Muda Tk. I (III/b)',	150,	150),
(12,	5,	'Arsiparis Muda - Penata (III/c)',	200,	200),
(13,	5,	'Arsiparis Muda - Penata Tk. I  (III/d)',	300,	300),
(14,	5,	'Arsiparis Madya - Pembina ( IV/a)',	400,	400),
(15,	5,	'Arsiparis Madya - Pembina Tk. I ( IV/b)',	550,	550),
(16,	5,	'Arsiparis Madya - Pembina Utama Muda ( IV/c)',	700,	700),
(17,	5,	'Arsiparis Utama - Pembina Utama Madya (IV/d)',	850,	850),
(18,	5,	'Arsiparis Utama - Pembina Utama  (IV/e)',	1050,	1050),
(19,	3,	'Pustakawan Pelaksana - Pengatur Muda Tk. I ( II/b)',	40,	40),
(20,	3,	'Pustakawan Pelaksana - Pengatur  ( II/c)',	60,	60),
(21,	3,	'Pustakawan Pelaksana - Pengatur  Tk. I ( II/d)',	80,	80),
(22,	3,	'Pust. Pelaksana Lanjutan - Penata Muda ( III/a)',	100,	100),
(23,	3,	'Pust. Pelaksana Lanjutan - Penata Muda Tk. I ( III/b)',	150,	150),
(24,	3,	'Pustakawan Penyelia - Penata (III/c)',	200,	200),
(25,	3,	'Pustakawan Penyelia - Penata Tk. I (III/d)',	300,	300),
(26,	4,	'Pustakawan Pertama - Penata Muda (III/a)',	100,	100),
(27,	4,	'Pustakawan Pertama - Penata Muda Tk. I (III/b)',	150,	150),
(28,	4,	'Pustakawan Muda - Penata (III/c)',	200,	200),
(29,	4,	'Pustakawan Muda - Penata  Tk. I (III/d)',	300,	300),
(30,	4,	'Pustakawan Madya - Pembina (IV/a)',	400,	400),
(31,	4,	'Pustakawan Madya - Pembina Tk. I  (IV/b)',	550,	550),
(32,	4,	'Pustakawan Madya - Pembina Utama Muda  (IV/c)',	700,	700),
(33,	4,	'Pustakawan Utama - Pembina Utama Madya  (IV/d)',	850,	850),
(34,	4,	'Pustakawan Utama - Pembina Utama  (IV/e)',	1050,	1050),
(35,	6,	'PLP Pelaksana - Pengatur (II/c)',	60,	60),
(36,	6,	'PLP Pelaksana - Pengatur Tk. I (II/d)',	80,	80),
(37,	6,	'PLP Pelaksana Lanjutan - Penata Muda (III/a)',	100,	100),
(38,	6,	'PLP Pelaksana Lanjutan - Penata Muda Tk. I (III/b)',	150,	150),
(39,	6,	'PLP Penyelia - Penata ( III/c)',	200,	200),
(40,	6,	'PLP Penyelia - Penata Tk. I ( III/d)',	300,	300),
(41,	8,	'PTP Ahli Pertama - Penata Muda (III/a)',	100,	100),
(42,	8,	'PTP Ahli Pertama - Penata Muda Tk. I (III/b)',	150,	150),
(43,	8,	'PTP Ahli Muda - Penata (III/c)',	200,	200),
(44,	8,	'PTP Ahli Muda - Penata  Tk. I (III/d)',	300,	300),
(45,	8,	'PTP Ahli Madya - Pembina (IV/a)',	400,	400),
(46,	8,	'PTP Ahli Madya - Pembina Tk. I (IV/b)',	550,	550),
(47,	8,	'PTP Ahli Madya - Pembina Utama Muda (IV/c)',	700,	700),
(48,	8,	'PTP Ahli Utama - Pembina Utama Madya (IV/d)',	850,	850),
(49,	8,	'PTP Ahli Utama - Pembina Utama  (IV/e)',	1050,	1050);

INSERT INTO `tbl_pegawai` (`id_pegawai`, `nip`, `password`, `no_karpeg`, `nm_lengkap`, `tempat_lahir`, `tgl_lahir`, `email`, `nohp`, `pendidikan`, `tgl_lulus`, `jk`, `id_pangkat`, `id_unit_kerja`, `foto`, `kredit_awal_utama`, `kredit_awal_penunjang`, `tmt_jabatan`, `is_atasan`, `id_posisi`) VALUES
(1,	'196611151990032001',	'b0baee9d279d34fa1dfd71aadb908c3f',	'-',	'BETTI AFLINDA',	'Agam',	'1966-11-15',	'bettiaflinda@yahoo.com',	'081234567811',	'Sarjana (S1)/Diploma IV',	'1990-03-01',	'Perempuan',	7,	7,	'020519175839492100.png',	0,	0,	'2009-04-01',	0,	1),
(2,	'196012141981032003',	'b7bc2a2f5bb6d521e64c8974c143e9a0',	'-',	'ERNI. A',	'Ketaping',	'1960-12-14',	'erni_a@gmail.com',	'081213212321',	'Sarjana (S1)/Diploma IV',	'1982-01-01',	'Perempuan',	8,	8,	'020519180841326900.png',	0,	0,	'2011-04-01',	0,	1),
(3,	'196608151991032001',	'b0baee9d279d34fa1dfd71aadb908c3f',	'-',	'WADNA DELI',	'Lubuk Bauk',	'1966-08-15',	'wadnadeli11@yahoo.com',	'089876544321',	'Sarjana (S1)/Diploma IV',	'1987-01-01',	'Perempuan',	6,	9,	'020519181456143400.png',	0,	0,	'2007-09-01',	0,	1),
(4,	'196503271987022001',	'b0baee9d279d34fa1dfd71aadb908c3f',	'-',	'ARNALIATI',	'Padang',	'1968-04-29',	'arnaliati@yahoo.com',	'081234567811',	'Sarjana (S1)/Diploma IV',	'1988-01-01',	'Perempuan',	8,	10,	'020519182413360900.png',	0,	0,	'2011-04-01',	0,	1),
(5,	'196411151987012001',	'b0baee9d279d34fa1dfd71aadb908c3f',	'-',	'HELMI',	'Tanjung Raya',	'1971-10-18',	'helmi71@yahoo.com',	'082143226776',	'Sarjana (S1)/Diploma IV',	'1991-06-24',	'Perempuan',	7,	17,	'020519183313981900.png',	0,	0,	'2001-01-24',	0,	1),
(6,	'196304051987032002',	'3d2172418ce305c7d16d4b05597c6a59',	'-',	'AFNIZAR',	'P.Punjung',	'1964-01-23',	'afnizar0164@gmail.com',	'08528753256',	'Sarjana (S1)/Diploma IV',	'1986-01-01',	'Perempuan',	9,	17,	'020519183937239800.png',	0,	0,	'2007-01-04',	0,	1),
(7,	'196101081985032002',	'3d2172418ce305c7d16d4b05597c6a59',	'-',	'ERMA',	'Padang',	'1961-10-15',	'ermaaa_03@yahoo.com',	'082199572997',	'Sarjana (S1)/Diploma IV',	'1982-01-01',	'Perempuan',	9,	17,	'020519184753986900.png',	0,	0,	'2012-04-01',	0,	1),
(8,	'195909291982032002',	'3d2172418ce305c7d16d4b05597c6a59',	'-',	'MURNIATI',	'Koto Berapak',	'1963-12-31',	'-',	'089543224776',	'Sarjana (S1)/Diploma IV',	'1984-01-01',	'Perempuan',	7,	NULL,	'020519185616126900.png',	0,	0,	'2006-04-01',	0,	1),
(9,	'196411111986032001',	'b0baee9d279d34fa1dfd71aadb908c3f',	'-',	'SAINUR',	'Bukittinggi',	'1965-05-10',	'sainur@yahoo.com',	'082257665768',	'Sarjana (S1)/Diploma IV',	'1987-01-01',	'Perempuan',	8,	17,	'020519190329969200.png',	0,	0,	'2011-10-01',	0,	1),
(10,	'196605071992032001',	'b0baee9d279d34fa1dfd71aadb908c3f',	'-',	'MAINI ELZA',	'Padang',	'1978-11-03',	'-',	'081266838995',	'Sarjana (S1)/Diploma IV',	'1987-01-01',	'Perempuan',	4,	17,	'020519191333940900.png',	0,	0,	'2004-04-01',	0,	1),
(11,	'196809181989012001',	'b0baee9d279d34fa1dfd71aadb908c3f',	'-',	'FADRIANAS, SH',	'Padang',	'1986-05-11',	'-',	'082143226776',	'Sarjana (S1)/Diploma IV',	'1981-05-17',	'Perempuan',	12,	12,	'020519192611653700.png',	0,	0,	'2014-04-01',	0,	1);

INSERT INTO `tbl_pelaksana_butir_kegiatan` (`id_pelaksana`, `id_butir`, `id_pangkat`) VALUES
(7,	2,	4),
(8,	2,	5),
(9,	2,	6),
(10,	2,	7),
(11,	2,	8),
(12,	2,	9),
(13,	3,	4),
(14,	3,	5),
(15,	3,	6),
(16,	3,	7),
(17,	3,	8),
(18,	3,	9),
(19,	4,	4),
(20,	4,	5),
(21,	4,	6),
(22,	4,	7),
(23,	4,	8),
(24,	4,	9),
(25,	5,	4),
(26,	5,	5),
(27,	5,	6),
(28,	5,	7),
(29,	5,	8),
(30,	5,	9),
(31,	6,	4),
(32,	6,	5),
(33,	6,	6),
(34,	6,	7),
(35,	6,	8),
(36,	6,	9),
(37,	7,	4),
(38,	7,	5),
(39,	7,	6),
(40,	7,	7),
(41,	7,	8),
(42,	7,	9),
(57,	12,	6),
(58,	12,	7),
(61,	13,	6),
(62,	13,	7),
(63,	14,	4),
(64,	14,	5),
(65,	9,	4),
(66,	9,	5),
(67,	10,	4),
(68,	10,	5),
(69,	11,	6),
(70,	11,	7),
(71,	15,	6),
(72,	15,	7),
(77,	18,	8),
(78,	18,	9),
(79,	17,	8),
(80,	17,	9),
(81,	16,	8),
(82,	16,	9),
(83,	19,	8),
(84,	19,	9),
(85,	20,	8),
(86,	20,	9),
(91,	23,	6),
(92,	23,	7),
(93,	24,	6),
(94,	24,	7),
(95,	25,	6),
(96,	25,	7),
(97,	1,	4),
(98,	1,	5),
(99,	1,	6),
(100,	1,	7),
(101,	1,	8),
(102,	1,	9),
(109,	28,	6),
(110,	28,	7),
(111,	29,	6),
(112,	29,	7),
(113,	30,	6),
(114,	30,	7),
(115,	31,	6),
(116,	31,	7),
(117,	32,	8),
(118,	32,	9),
(119,	33,	6),
(120,	33,	7),
(127,	36,	4),
(128,	36,	5),
(129,	35,	6),
(130,	35,	7),
(131,	34,	8),
(132,	34,	9),
(133,	37,	8),
(134,	37,	9),
(135,	38,	6),
(136,	38,	7),
(137,	39,	4),
(138,	39,	5),
(139,	40,	8),
(140,	40,	9),
(141,	41,	6),
(142,	41,	7),
(143,	42,	4),
(144,	42,	5),
(145,	43,	8),
(146,	43,	9),
(147,	44,	6),
(148,	44,	7),
(149,	45,	8),
(150,	45,	9),
(151,	46,	8),
(152,	46,	9),
(153,	47,	8),
(154,	47,	9),
(155,	48,	8),
(156,	48,	9),
(157,	49,	8),
(158,	49,	9),
(159,	50,	8),
(160,	50,	9),
(161,	51,	6),
(162,	51,	7),
(163,	52,	6),
(164,	52,	7),
(165,	53,	6),
(166,	53,	7),
(167,	54,	6),
(168,	54,	7),
(169,	55,	8),
(170,	55,	9),
(171,	56,	8),
(172,	56,	9),
(173,	57,	8),
(174,	57,	9),
(175,	58,	8),
(176,	58,	9),
(177,	59,	8),
(178,	59,	9),
(179,	60,	8),
(180,	60,	9),
(181,	61,	8),
(182,	61,	9),
(183,	62,	8),
(184,	62,	9),
(185,	63,	8),
(186,	63,	9),
(187,	64,	8),
(188,	64,	9),
(189,	65,	8),
(190,	65,	9),
(191,	66,	8),
(192,	66,	9),
(193,	67,	6),
(194,	67,	7),
(195,	68,	4),
(196,	68,	5),
(197,	69,	8),
(198,	69,	9),
(199,	70,	6),
(200,	70,	7),
(201,	71,	6),
(202,	71,	7),
(203,	72,	6),
(204,	72,	7),
(205,	73,	6),
(206,	73,	7),
(207,	74,	6),
(208,	74,	7),
(209,	75,	6),
(210,	75,	7),
(211,	76,	4),
(212,	76,	5),
(213,	77,	4),
(214,	77,	5),
(217,	79,	4),
(218,	79,	5),
(219,	78,	4),
(220,	78,	5),
(221,	80,	4),
(222,	80,	5),
(223,	81,	4),
(224,	81,	5),
(225,	82,	8),
(226,	82,	9),
(227,	83,	4),
(228,	83,	5),
(229,	84,	4),
(230,	84,	5),
(231,	85,	4),
(232,	85,	5),
(233,	86,	4),
(234,	86,	5),
(235,	87,	4),
(236,	87,	5),
(237,	88,	8),
(238,	88,	9),
(239,	89,	8),
(240,	89,	9),
(241,	90,	8),
(242,	90,	9),
(243,	91,	8),
(244,	91,	9),
(245,	92,	8),
(246,	92,	9),
(247,	93,	8),
(248,	93,	9),
(249,	94,	4),
(250,	94,	5),
(251,	95,	4),
(252,	95,	5),
(253,	96,	4),
(254,	96,	5),
(255,	97,	4),
(256,	97,	5),
(259,	99,	4),
(260,	99,	5),
(261,	98,	4),
(262,	98,	5),
(263,	100,	6),
(264,	100,	7),
(265,	101,	6),
(266,	101,	7),
(267,	102,	6),
(268,	102,	7),
(269,	103,	4),
(270,	103,	5),
(271,	104,	4),
(272,	104,	5),
(273,	105,	4),
(274,	105,	5),
(275,	106,	4),
(276,	106,	5),
(277,	107,	6),
(278,	107,	7),
(279,	108,	6),
(280,	108,	7),
(281,	109,	6),
(282,	109,	7),
(283,	110,	6),
(284,	110,	7),
(285,	111,	6),
(286,	111,	7),
(287,	112,	6),
(288,	112,	7),
(309,	123,	4),
(310,	123,	5),
(311,	124,	6),
(312,	124,	7),
(313,	125,	6),
(314,	125,	7),
(315,	126,	6),
(316,	126,	7),
(317,	127,	8),
(318,	127,	9),
(319,	128,	6),
(320,	128,	7),
(321,	129,	8),
(322,	129,	9),
(323,	130,	8),
(324,	130,	9),
(325,	131,	4),
(326,	131,	5),
(327,	132,	5),
(328,	132,	6),
(329,	133,	4),
(330,	133,	5),
(331,	134,	6),
(332,	134,	7),
(333,	135,	8),
(334,	135,	9),
(335,	136,	8),
(336,	136,	9),
(337,	137,	8),
(338,	137,	9),
(339,	138,	8),
(340,	138,	9),
(341,	139,	6),
(342,	139,	7),
(343,	140,	8),
(344,	140,	9),
(345,	141,	4),
(346,	141,	5),
(347,	141,	6),
(348,	141,	7),
(349,	141,	8),
(350,	141,	9),
(351,	142,	4),
(352,	142,	5),
(353,	142,	6),
(354,	142,	7),
(355,	142,	8),
(356,	142,	9),
(357,	143,	4),
(358,	143,	5),
(359,	143,	6),
(360,	143,	7),
(361,	143,	8),
(362,	143,	9),
(363,	144,	4),
(364,	144,	5),
(365,	144,	6),
(366,	144,	7),
(367,	144,	8),
(368,	144,	9),
(369,	145,	4),
(370,	145,	5),
(371,	145,	6),
(372,	145,	7),
(373,	145,	8),
(374,	145,	9),
(375,	146,	4),
(376,	146,	5),
(377,	146,	6),
(378,	146,	7),
(379,	146,	8),
(380,	146,	9),
(381,	147,	4),
(382,	147,	5),
(383,	147,	6),
(384,	147,	7),
(385,	147,	8),
(386,	147,	9),
(387,	148,	4),
(388,	148,	5),
(389,	148,	6),
(390,	148,	7),
(391,	148,	8),
(392,	148,	9),
(393,	149,	4),
(394,	149,	5),
(395,	149,	6),
(396,	149,	7),
(397,	149,	8),
(398,	149,	9),
(399,	150,	4),
(400,	150,	5),
(401,	150,	6),
(402,	150,	7),
(403,	150,	8),
(404,	150,	9),
(405,	151,	4),
(406,	151,	5),
(407,	151,	6),
(408,	151,	7),
(409,	151,	8),
(410,	151,	9),
(411,	152,	4),
(412,	152,	5),
(413,	152,	6),
(414,	152,	7),
(415,	152,	8),
(416,	152,	9),
(417,	153,	4),
(418,	153,	5),
(419,	153,	6),
(420,	153,	7),
(421,	153,	8),
(422,	153,	9),
(423,	154,	4),
(424,	154,	5),
(425,	154,	6),
(426,	154,	7),
(427,	154,	8),
(428,	154,	9),
(429,	155,	4),
(430,	155,	5),
(431,	155,	6),
(432,	155,	7),
(433,	155,	8),
(434,	155,	9),
(435,	156,	4),
(436,	156,	5),
(437,	156,	6),
(438,	156,	7),
(439,	156,	8),
(440,	156,	9),
(441,	157,	4),
(442,	157,	5),
(443,	157,	6),
(444,	157,	7),
(445,	157,	8),
(446,	157,	9),
(447,	158,	4),
(448,	158,	5),
(449,	158,	6),
(450,	158,	7),
(451,	158,	8),
(452,	158,	9),
(453,	159,	4),
(454,	159,	5),
(455,	159,	6),
(456,	159,	7),
(457,	159,	8),
(458,	159,	9),
(459,	160,	4),
(460,	160,	5),
(461,	160,	6),
(462,	160,	7),
(463,	160,	8),
(464,	160,	9),
(465,	161,	4),
(466,	161,	5),
(467,	161,	6),
(468,	161,	7),
(469,	161,	8),
(470,	161,	9),
(471,	162,	4),
(472,	162,	5),
(473,	162,	6),
(474,	162,	7),
(475,	162,	8),
(476,	162,	9),
(477,	163,	4),
(478,	163,	5),
(479,	163,	6),
(480,	163,	7),
(481,	163,	8),
(482,	163,	9),
(483,	164,	4),
(484,	164,	5),
(485,	164,	6),
(486,	164,	7),
(487,	164,	8),
(488,	164,	9),
(489,	165,	4),
(490,	165,	5),
(491,	165,	6),
(492,	165,	7),
(493,	165,	8),
(494,	165,	9),
(495,	166,	4),
(496,	166,	5),
(497,	166,	6),
(498,	166,	7),
(499,	166,	8),
(500,	166,	9),
(501,	167,	4),
(502,	167,	5),
(503,	167,	6),
(504,	167,	7),
(505,	167,	8),
(506,	167,	9),
(507,	168,	4),
(508,	168,	5),
(509,	168,	6),
(510,	168,	7),
(511,	168,	8),
(512,	168,	9),
(513,	169,	4),
(514,	169,	5),
(515,	169,	6),
(516,	169,	7),
(517,	169,	8),
(518,	169,	9),
(519,	170,	4),
(520,	170,	5),
(521,	170,	6),
(522,	170,	7),
(523,	170,	8),
(524,	170,	9),
(525,	171,	4),
(526,	171,	5),
(527,	171,	6),
(528,	171,	7),
(529,	171,	8),
(530,	171,	9),
(531,	172,	4),
(532,	172,	5),
(533,	172,	6),
(534,	172,	7),
(535,	172,	8),
(536,	172,	9),
(537,	173,	4),
(538,	173,	5),
(539,	173,	6),
(540,	173,	7),
(541,	173,	8),
(542,	173,	9),
(543,	174,	4),
(544,	174,	5),
(545,	174,	6),
(546,	174,	7),
(547,	174,	8),
(548,	174,	9),
(549,	175,	4),
(550,	175,	5),
(551,	175,	6),
(552,	175,	7),
(553,	175,	8),
(554,	175,	9);

INSERT INTO `tbl_posisi` (`id_posisi`, `nm_posisi`, `jenis_posisi`) VALUES
(1,	'Arsiparis',	'Tenaga Kependidikan'),
(2,	'Pustakawan',	'Tenaga Kependidikan'),
(3,	'Pranata Laboratorium Pendidikan (PLP)',	'Tenaga Kependidikan'),
(4,	'Pengembang Teknologi Pembelajaran (PTP)',	'Tenaga Kependidikan'),
(5,	'Pengelola Pengadaan Barang/Jasa (PBJ)',	'Tenaga Kependidikan'),
(6,	'Analis Kepegawaian',	'Tenaga Kependidikan');

INSERT INTO `tbl_sub_unsur` (`id_sub_unsur`, `nm_sub_unsur`, `id_unsur`) VALUES
(2,	'Pendidikan Sekolah',	2),
(3,	'Pendidikan Sekolah dan Memperoleh Ijazah/Gelar',	5),
(4,	'Pendidikan dan pelatihan teknis fungsional dibidang kearsipan',	2),
(5,	'Pendidikan dan pelatihan prajabatan',	2),
(6,	'Ketatalaksanaan kearsipan',	3),
(7,	'Pengolahan arsip',	3),
(8,	'Perawatan dan pemeliharaan kearsipan',	3),
(9,	'Pelayanan kearsipan',	3),
(10,	'Publikasi kearsipan',	3),
(16,	'Bimbingan dan supervisi kearsipan',	6),
(17,	'Membuat karya tulis/karya ilmiah di bidang kearsipan',	7),
(18,	'Menemukan teknologi tepat guna di bidang kearsipan',	7),
(19,	'Uji Kompetensi',	7),
(20,	'Penerjemahan / penyaduran buku dan bahan lainnya di bidang kearsipan',	7),
(21,	'Pengajar/pelatih di bidang kearsipan',	8),
(22,	'Mengikuti bimbingan di bidang kearsipan',	8),
(23,	'Peran serta dalam seminar/lokakarya di bidang kearsipan',	8),
(24,	'Keanggotaan dalam organisasi profesi Arsiparis',	8),
(25,	'Keanggotaan dalam tim penilai jabatan fungsional Arsiparis',	8),
(26,	'Perolehan penghargaan/tanda jasa',	8),
(27,	'Perolehan gelar kesarjanaan lainnya',	8),
(28,	'Pendidikan Sekolah',	4),
(29,	'Pendidikan dan pelatihan fungsional/teknis dibidang kearsipan',	4),
(30,	'Pendidikan dan pelatihan prajabatan',	4),
(31,	'Ketatalaksanaan kearsipan',	9),
(32,	'Pengolahan arsip',	9),
(33,	'Perawatan dan pemeliharaan kearsipan',	9),
(34,	'Pelayanan kearsipan',	9),
(35,	'Publikasi kearsipan',	9),
(36,	'Bimbingan dan supervisi kearsipan',	10),
(37,	'Membuat karya tulis/karya ilmiah di bidang kearsipan',	11),
(38,	'Menemukan teknologi tepat guna di bidang kearsipan',	11),
(39,	'Uji Kompetensi',	11),
(40,	'Penerjemahan / penyaduran buku dan bahan lainnya di bidang kearsipan',	11),
(41,	'Pengajar/pelatih di bidang kearsipan',	12),
(42,	'Mengikuti bimbingan di bidang kearsipan',	12),
(43,	'Peran serta dalam seminar/lokakarya di bidang kearsipan',	12),
(44,	'Keanggotaan dalam organisasi profesi Arsiparis',	12),
(45,	'Keanggotaan dalam tim penilai jabatan fungsional Arsiparis',	12),
(46,	'Perolehan penghargaan/tanda jasa',	12),
(47,	'Perolehan gelar kesarjanaan lainnya',	12),
(48,	'Pendidikan formal dan memperoleh ijazah/gelar',	24),
(49,	'Pendidikan dan pelatihan fungsional di bidang pengelolaan laboratorium serta memperoleh Surat Tanda Tamat Pendidikan dan Pelatih  (STTPP) atau sertifikat',	24),
(50,	'Pendidikan dan pelatihan prajabatan',	24),
(51,	'Perancangan kegiatan laboratorium',	25),
(52,	'Pengoperasian peralatan dan penggunaan bahan',	25),
(53,	'Pemeliharaan /perawatan peralatan dan bahan',	25),
(54,	'Pengevaluasi sistem kerja laboratorium',	25),
(55,	'Pengembangan karya tulis di bidang pengolahan laboratorium',	25),
(56,	'Pembuatan karya tlis ilmiah di bidang pengolahan laboratorium',	26),
(57,	'Penerjemahan buku dan pustaka lainnya di bidang pengeloaan laboratorium',	26),
(58,	'Penyusunan standar dan latau pedoman pengelolaan laboratorium ',	26),
(59,	'Penemuan teknologi tepatguna di bidang pengelolaan laboratorium',	26),
(60,	'Perolehan sertifikat profesi',	26),
(61,	'Pengajar/pelatih di bidang laboratorium',	27),
(62,	'Pemberian bimbingan di bidang pengelolaan laboratorium',	27),
(63,	'Peran serta dalam seminar/lokakarya di bidang pengelolaan laboratorium',	27),
(64,	'Keanggotaan dalam organisasi profesi',	27),
(65,	'Keanggotaan dalam tim penilai angkat kredit jabatan fungsional PLP',	27),
(66,	'Perolehan penghargaan/tanda jasa',	27),
(67,	'Perolehan gelar kesarjanaan lainnya',	27),
(68,	'Pendidikan formal dan memperoleh ijazah/gelar',	28),
(69,	'Pendidikan dan pelatihan fungsional dibidang pengelolaan laboratoium serta memperoleh Surat Tanda Tamat Pendidikan dan Pelatih (STTPP) atau sertifikat',	28),
(70,	'Pendidikan dan pelatihan prajabatan',	28),
(71,	'Perancangan kegiatan laboratorium',	29),
(72,	'Pengoperasian peralatan dan penggunaan bahan',	29),
(73,	'Pemeliharaan /perawatan peralatan dan bahan',	29),
(74,	'Pengevaluasi sistem kerja laboratorium',	29),
(75,	'Pengembangan kegiatan laboratorium',	29),
(76,	'Pembuatan karya tulis ilmiah di bidang pengolahan laboratorium',	30),
(77,	'Penerjemahan buku dan pustaka lainnya di bidang pengeloaan laboratorium',	30),
(78,	'Penyusunan standar dan latau pedoman pengelolaan laboratorium ',	30),
(79,	'Penemuan teknologi tepatguna di bidang pengelolaan laboratorium',	30),
(80,	'Perolehan sertifikat profesi',	30),
(81,	'Pengajar/pelatih di bidang pengelolaan laboratorium',	31),
(82,	'Pemberian bimbingan di bidang pengelolaan',	31),
(83,	'Peran serta dalam seminar/lokakarya di bidang pengelolaan laboratorium',	31),
(84,	'Keanggotaan dalam organisasi profesi',	31),
(85,	'Keanggotaan dalam tim penilai angkat kredit jabatan fungsional PLP',	31),
(86,	'Perolehan penghargaan/tanda jasa',	31),
(87,	'Perolehan gelar kesarjanaan lainnya',	31),
(88,	'Pendidikan Sekolah dan Memperoleh Ijazah/Gelar',	13),
(89,	'Diklat Fungsional/Teknis Kepustakawanan serta memperoleh Surat Tanda Tamat Pendidikan dan Pelatihan (STTTP) atau Sertifikat',	13),
(90,	'Diklat Prajabatan',	13),
(91,	'Perencanaan Penyelenggaraan Kegiatan Perpustakaan',	14),
(92,	'Monitoring dan Evaluasi Penyelenggaraan Kegiatan Perpustakaan',	14),
(93,	'Pelayanan Teknis',	15),
(94,	'Pelayanan Pemustaka',	15),
(95,	'Pengembangan Kepustakawanan',	16),
(96,	'Pembuatan Karya Tulis/Karya Ilmiah di bidang Kepustakawanan',	17),
(97,	'Penerjemahan/penyaduran buku dan/atau bahan-bahan lain di bidang Kepustakawanan',	17),
(98,	'Penyusunan buku pedoman/ketentuan pelaksanaan/ketentuan teknis di bidang Kepustakawanan',	17),
(99,	'Pengajar/pelatih pada diklat fungsional/teknis di bidang Kepustakawanan',	18),
(100,	'Peran serta dalam seminar/ lokakarya/konferensi di bidang Kepustakawanan',	18),
(101,	'Keanggotaan dalam Organisasi Profesi',	18),
(102,	'Keanggotaan dalam Tim Penilai',	18),
(103,	'Perolehan Penghargaan/Tanda Jasa',	18),
(104,	'Perolehan gelar/ijazah kesarjanaan lainnya',	18),
(105,	'Diklat Fungsional/Teknis Kepustakawanan serta memperoleh Surat Tanda Tamat Pendidikan dan Pelatihan (STTTP) atau Sertifikat',	5),
(106,	'Diklat Prajabatan',	5),
(107,	'Perencanaan Penyelenggaraan Kegiatan Perpustakaan',	19),
(108,	'Monitoring dan Evaluasi Penyelenggaraan Kegiatan Perpustakaan',	19),
(109,	'Pelayanan Teknis',	20),
(110,	'Pelayanan Pemustaka',	20),
(111,	'Pengkajian Kepustakawanan',	21),
(112,	'Pengembangan Kepustakawanan',	21),
(113,	'Penganalisisan/ pengkritisian karya Kepustakawanan',	21),
(114,	'Penelaahan Pengembangan Sistem Kepustakawanan',	21),
(115,	'Pembuatan Karya Tulis/Karya Ilmiah di bidang Kepustakawanan',	22),
(116,	'Penerjemahan/penyaduran buku dan/atau bahan-bahan lain di bidang Kepustakawanan',	22),
(117,	'Penyusunan buku pedoman/ketentuan pelaksanaan/ ketentuan',	22),
(118,	'Pengajar/pelatih pada diklat fungsional/teknis di bidang Kepustakawanan',	23),
(119,	'Peran serta dalam seminar/lokakarya/konferensi di bidang Kepustakawanan',	23),
(120,	'Keanggotaan dalam Organisasi Profesi',	23),
(121,	'Keanggotaan dalam Tim Penilai',	23),
(122,	'Perolehan Penghargaan/Tanda Jasa',	23),
(123,	'Perolehan gelar/ijazah kesarjanaan lainnya',	23),
(124,	'Pendidikan sekolah dan mendapat gelar/ ijazah',	32),
(125,	'Pendidikan dan pelatihan fungsional di bidang teknolog pendidikan/ pembelajaran serta memperoleh Surat Tanda Tamat Pendidikan dan Pelatihan (STTPP) atau sertifikat.',	32),
(126,	'Pendidikan dan pelatihan prajabatan',	32),
(127,	'Analisis dan Pengkajian',	33),
(128,	'Perancangan',	33),
(129,	'Produksi media pembelajaran',	33),
(130,	'Implementasi (pemanfaatan media pembelajaran atau penerapan model pembelajaran)',	33),
(131,	'Pengendalian (Pemantauan)',	33),
(132,	'Evaluasi',	33),
(133,	'Pembuatan karya tulis/karya ilmiah di bidang pengembangan teknologi pembelajaran',	34),
(134,	'Penerjemahan/penyaduran buku dan bahan lainnya di bidang pengembangan teknologi pembelajaran',	34),
(135,	'Penyusunan buku pedoman/ketentuan pelaksanaan/ ketentuan teknis di bidang pengembangan teknologi pembelajaran',	34),
(136,	'Pelaksanaan studi banding di bidang pengembangan teknologi pembelajaran dan pendidikan terbuka/jarak jauh',	34),
(137,	'Pengajar/pelatih di bidang pengembangan teknologi pembelajaran',	35),
(138,	'Peran serta dalam seminar/lokakarya di bidang pengembangan teknologi pembelajaran',	35),
(139,	'Keanggotaan dalam organisasi profesi',	35),
(140,	'Keanggotaan dalam Tim Penilai',	35),
(141,	'Perolehan penghargaan/tanda jasa',	35),
(142,	'Perolehan gelar kesarjanaan lainnya',	35),
(143,	'Pendidikan Sekolah dan Memperoleh Ijazah/Gelar',	36),
(144,	'Pendidikan dan pelatihan fungsional di bidang pengadaan barang/jasa dan memperoleh Surat Tanda Tamat Pendidikan dan Pelatih  (STTPP)',	36),
(145,	'Pendidikan dan pelatihan prajabatan',	36),
(146,	'Penyusunan dokumen rencana kebutuhan barang/jasa',	37),
(147,	'Analisa pasar barang/jasa',	37),
(148,	'Penyusunan rencana anggaran/biaya pengadaan barang/jasa',	37),
(149,	'Penyusunan rencana pemekatan pekerjaan pengadaan barang/jasa',	37),
(150,	'Penyusunan organisasi pelaksana pengadaan barang/jasa',	37),
(151,	'Penyusunan dokumen rencana umum pengadaan barang/jasa',	37),
(152,	'Pengumuman rencana umum pengadaan barang/jasa',	37),
(153,	'Penyusunan rencana pelaksanaan pengadaan barang/jasa melalui penyedia barang/jasa',	37),
(154,	'Penyusunan rencana pelaksanaan pengadaan barang/jasa swakelola',	37),
(155,	'Penetapan strategi pengadaan barang/jasa',	37),
(156,	'Pengelolaan data dan informasi pengadaan barang/jasa untuk tahap perencanaan',	37),
(157,	'Komunikasi dan koordinasi pengadaan untuk tahap perencanaan',	37),
(158,	'Pengelolaan/penataan dokumen pengadaan untuk tahap perencanaan',	37),
(159,	'Evaluasi kinerja pengadaan untuk tahap perencanaan',	37),
(160,	'Penyusunan rencana pemilhan penyedia barang/jasa',	38),
(161,	'Pemeriksaan dokumen spesifikasi barang/jasa',	38),
(162,	'Pembuatan rancangan kontrak pengadaan barang/jasa',	38),
(163,	'Penyusunan harga perkiraan sendiri (HPS) barang/jasa',	38),
(164,	'Penyusunan dokumen pengadaan barang/jasa',	38),
(165,	'Evaluasi dokumen prakualifikasi penyedia barang/jasa',	38),
(166,	'Pembuatan pengumuman pelaksanaan pengadaan',	38),
(167,	'Penjelasan dokumen pengadaan barang/jasa',	38),
(168,	'Pembukaan dokumen penawaran penyedia barang/jasa',	38),
(169,	'Evaluasi dokumen penawaran penyedia barang/jasa',	38),
(170,	'Penetapan dan pengumuman pemenang pemilhan penyedia barang/jasa',	38),
(171,	'Pengelolaan sanggahan peserta pemilihan penyedia barang/jasa',	38),
(172,	'Klarifikasi dan negosiasi penawaran penyedia barang/jasa',	38),
(173,	'Penunjuk penyedia barang/jasa',	38),
(174,	'Pengadaan barang/jasa dengan sistem e-procurement',	38),
(175,	'Pengadaan barang/jasa dengan sistem e-purchasing',	38),
(176,	'Pengolahan data dan informasi pengadaan untuk tahap pemilihan penyedia',	38),
(177,	'Komunikasi dan koordinasi pengadaan untuk tahap pemilihan penyedia',	38),
(178,	'Pengelola/penataan dokumen pengadaan untuk tahap pemilihan penyedia',	38),
(179,	'Evaluasi kinerja pengadaan untuk tahap pemilihan penyedia',	38),
(180,	'Verifikasi dokumen kontrak pengadaan barang/jasa',	39),
(181,	'Persiapan pelaksanaan kontrak pengadaan barang/jasa',	39),
(182,	'Pengelolaan program manajemen mutu pengadaan barang/jasa',	39),
(183,	'Pengelolaan program manajemen risiko pengadaan barang/jasa',	39),
(184,	'Pengendalian dan pengawasan pelaksanaan kontrak pengadaan barang/jasa',	39),
(185,	'penilaian prestasi pelaksanaan kontrak pengadaan barang/jasa',	39),
(186,	'Pengendalian keuangan pelaksanaan pekerjaan pengadaan barang/jasa',	39),
(187,	'Pengelolaan jaminan kontrak pengadaan barang/jasa',	39),
(188,	'Penyelesaian perbedaan/perselisihan pelaksanaan kontrak pengadaan barang/jasa',	39),
(189,	'Pembuatan perubahan dokumen kontrak pengadaan barang/jasa',	39),
(190,	'Penanganan kegagalan teknis pelaksanaan kotrak pengadaan barang/jasa',	39),
(191,	'Pemutusan pelaksanaan kontrak pengadaan barang/jasa',	39),
(192,	'Penerimaan hasil pengadaan barang/jasa',	39),
(193,	'Penyerahan barang hasil pengadaan menjadi barang milik negara/daerah',	39),
(194,	'Pelaksanaan pengadaan barang/jasa secara swakelola',	39),
(195,	'Pengawasan dan evaluasi pelaksanaan pengadaan barang/jasa swakelola',	39),
(196,	'Pembuatan laporan pelaksanaan pengadaan barang/jasa',	39),
(197,	'Pengelolaan data dan informasi pengadaan barang/jasa untuk tahap manajemen kontrak',	39),
(198,	'Komunikasi dan koordinasi pengadaan untuk tahap manajemen kontrak',	39),
(199,	'Pengelolaan/penataan dokumen pengadaan untuk tahap manajemen kontrak',	39),
(200,	'Evaluasi kinerja pengadaan untuk tahap manajemen kontrak',	39),
(201,	'Penyampaian informasi aset hasil pengadaan barang/jasa',	40),
(202,	'Inventarisasi kebutuhan aset dalam rangka pengadaan barang/jasa',	40),
(203,	'Pengelolaan data dan informasi pengadaan untuk tahap manajemen informasi aset',	40),
(204,	'Komunikasi dan koordinasi pengadaan untuk tahap manajemen informasi aset',	40),
(205,	'Pengelolaan/penataan dokumen pengadaan untuk tahap manajemen informasi aset',	40),
(206,	'Evaluasi kinerja pengadaan untuk tahap manajemen informasi aset',	40),
(210,	'Pembuatan karya tulis/karya ilmiah di bidang pengadaan barang/jasa',	42),
(211,	'Penyusun petunjuk pelaksanaan, petunjuk teknis pengelolaan pengadaan barang/jasa',	42),
(212,	'Penerjemah/penyaduran buku dan bahan lain di bidang PBJ',	42),
(213,	'Pengajar/pelatih/tutor/fasilitator di bidang PBJ',	43),
(214,	'Pemberian keterangan ahli/pendampingan/saran rekomendasi/tindakan koreksi',	43),
(215,	'Peran serta seminar/lokakarya/konferensi di bidang pengadaan barang/jasa',	43),
(216,	'Peran serta dalam eksposes pengadaan barang/jasa',	43),
(217,	'Keanggotaan dalam tim penilai angka kredit',	43),
(218,	'Perolehan penghargaan/tanda jasa',	43),
(219,	'Perolehan gelar kesarjanaan lainnya',	43),
(220,	'Pendidikan Sekolah dan Memperoleh Ijazah/Gelar',	44),
(221,	'Pendidikan dan pelatihan fungsional di bidang pengadaan barang/jasa dan memperoleh Surat Tanda Tamat Pendidikan dan Pelatih  (STTPP)',	44),
(222,	'Pendidikan dan pelatihan prajabatan',	44),
(223,	'Penyusunan dokumen rencana kebutuhan barang/jasa',	45),
(224,	'Analisis pasar barang/jasa',	45),
(225,	'Penyusunan rencana anggaran/biaya pengadaan barang/jasa',	45),
(226,	'Penyusunan rencana pemaketan pekerjaan pengadaan barang/jasa',	45),
(227,	'Penyusunan organisasi pelaksana pengadaan barang/jasa',	45),
(228,	'Penyusunan dokumen rencana umum pengadaan barang/jasa',	45),
(229,	'Penyusunan rencana pelaksanaan pengadaan barang/jasa melalui penyedia barang/jasa',	45),
(230,	'Penyusunan rencana pelaksanaan pengadaan barang/jasa swakelola',	45),
(231,	'Penetapan strategi pengadaan barang/jasa',	45),
(232,	'Pengelola data dan infromasi pengadaan barang/jasa untuk tahap perencanaan',	45),
(233,	'Komunikasi dan koordinasi pengadaan untuk tahap perencanaan',	45),
(234,	'Pengelolaan/penataan dokumen pengadaan untuk tahap perencanaan',	45),
(235,	'Evaluasi kinerja pengadaan untuk tahap perencanaan',	45),
(236,	'Penyusunan rencana pemilhan penyedia barang/jasa',	46),
(237,	'Pemeriksaan dokumen spesifikasi barang/jasa',	46),
(238,	'Pembuatan rancangan kontrak pengadaan barang/jasa',	46),
(239,	'Penyusunan harga perkiraan sendiri (HPS) barang/jasa',	46),
(240,	'Penyusunan dokumen pengadaan barang/jasa',	46),
(241,	'Evaluasi dokumen prakualifikasi penyedia barang/jasa',	46),
(242,	'Evaluasi dokumen penawaran penyedia barang/jasa',	46),
(243,	'Penetapan dan pengumuman pemenang pemilhan penyedia barang/jasa',	46),
(244,	'Pengelolaan sanggahan peserta pemilihan penyedia barang/jasa',	46),
(245,	'Klarifikasi dan negosiasi penawaran penyedia barang/jasa',	46),
(246,	'Petunjuk penyedia barang/jasa',	46),
(247,	'Pengadaan barang/jasa dengan sistem e-procurement',	46),
(248,	'Pengadaan barang/jasa dengan sistem e-purchasing',	46),
(249,	'Pengelolaan data dari informasi pengadaan untuk tahap pemilihan penyedia',	46),
(250,	'Komunikasi dan koordinasi pengadaan untuk tahap pemilihan penyedia',	46),
(251,	'Pengelolaan/penataan dokumen pengadaan untuk tahap pemilihan penyedia',	46),
(252,	'Evaluasi kinerja pengadaan untuk tahap pemilihan penyedia',	46),
(253,	'Verifikasi dokumen kontrak pengadaan barang/jasa',	47),
(254,	'Persiapan pelaksanaan kontrak pengadaan barang/jasa',	47),
(255,	'Pengelolaan program manajemen mutu pengadaan barang/jasa',	47),
(256,	'Pengelolaan program manajemen risiko pengadaan barang/jasa',	47),
(257,	'Pengendalian dan pengawasan pelaksanaan kontrak pengadaan barang/jasa',	47),
(258,	'penilaian prestasi pelaksanaan kontrak pengadaan barang/jasa',	47),
(259,	'Pengendalian keuangan pelaksanaan pekerjaan pengadaan barang/jasa',	47),
(260,	'Pengelolaan jaminan kontrak pengadaan barang/jasa',	47),
(261,	'Penyelesaian perbedaan/perselisihan pelaksanaan kontrak pengadaan barang/jasa',	47),
(262,	'Pembuatan perubahan dokumen kontrak pengadaan barang/jasa',	47),
(263,	'Penanganan kegagalan teknis pelaksanaan kotrak pengadaan barang/jasa',	47),
(264,	'Pemutusan pelaksanaan kontrak pengadaan barang/jasa',	47),
(265,	'Penerimaan hasil pengadaan barang/jasa',	47),
(266,	'Penyerahan barang hasil pengadaan menjadi barang milik negara/daerah',	47),
(267,	'Pelaksanaan pengadaan barang/jasa secara swakelola',	47),
(268,	'Pengawasan dan evaluasi pelaksanaan pengadaan barang/jasa swakelola',	47),
(269,	'Pengelolaan data dan informasi pengadaan untuk tahap manajemen kontrak',	47),
(270,	'Komunikasi dan koordinasi pengadaan untuk tahap manajemen kontrak',	47),
(271,	'Pengelolaan/penataan dokumen pengadaan untuk tahap manajemen kontrak',	47),
(272,	'Evaluasi kinerja pengadaan untuk tahap manajemen kontrak',	47),
(273,	'Penyampaian informasi aset hasil pengadaan barang/jasa',	48),
(274,	'Inventarisasi kebutuhan aset dalam rangka pengadaan barang/jasa',	48),
(275,	'Pengelolaan data dari informasi pengadaan untuk tahap manajemen infromasi aset',	48),
(276,	'Komunikasi dan koordinasi pengadaan untuk tahap manajemen informasi aset',	48),
(277,	'Pengelolaan/penataan dokumen pengadaan untuk tahap manajemen informasi aset',	48),
(278,	'Evaluasi kinerja pengadaan untuk tahap manajemen informasi aset',	48),
(279,	'Pembuatan karya tulis/karya ilmiah di bidang pengadaan baragn/jasa',	49),
(280,	'Penyusunan petunjuk pelaksanaan, petunjuk teknis pengelolaan pengadaan barang/jasa',	49),
(281,	'Penerjemahan/penyaduran buku dan bahan lain di bidang PBJ',	49),
(282,	'Pengajar/pelatih/tutor/fasilitator di bidang PBJ',	50),
(283,	'Pemberian keterangan ahli/pendampingan/saran rekomendasi/tindakan koreksi',	50),
(284,	'Peranserta dalam seminar/lokakarya/konferensi di bidang pengadaan barang/jasa',	50),
(285,	'Peran serta dalam eksposes pengadaan barang/jasa',	50),
(286,	'Keanggotaan dalam Organisasi Profesi di bidang pengadaan barang/jasa',	50),
(287,	'Keanggotaan dalam tim penilai angka kredit',	50),
(288,	'Perolehan penghargaan/tanda jasa',	50),
(289,	'Perolehan gelar kesarjanaan lainnya',	50),
(290,	'Pendidikan Sekolah dan Memperoleh Ijazah/Gelar',	51),
(291,	'Pendidikan dan pelatihan fungsional di bidang pengadaan barang/jasa dan memperoleh Surat Tanda Tamat Pendidikan dan Pelatih  (STTPP)',	51),
(292,	'Pendidikan dan pelatihan prajabatan',	51),
(293,	'Analisis pasar barang/jasa',	52),
(294,	'Penyusunan dokumen rencana umum pengadaan barang/jasa',	52),
(295,	'Penetapan strategi pengadaan barang/jasa',	52),
(296,	'Pengelolaan data dan informasi pengadaan barang/jasa untuk tahap perencanaan',	52),
(297,	'Komunikasi dan koordinasi pengadaan untuk tahap perencanaan',	52),
(298,	'Pengelolaan/penataan dokumen pengadaan untuk tahap perencanaan',	52),
(299,	'Evaluasi kinerja pengadaan untuk tahap perencanaan',	52),
(300,	'Penyusunan harga perkiraan sendiri (HPS) barang/jasa',	53),
(301,	'Pengelolaan sanggahan peserta pemilihan penyedia barang/jasa',	53),
(302,	'Klarifikasi dan negosiasi penawaran penyedia barang/jasa',	53),
(303,	'Pengelolaan data dan informasi pengadaan barang/jasa untuk tahap pemilihan penyedia',	53),
(304,	'Komunikasi dan koordinasi pengadaan untuk tahap pemilihan penyedia',	53),
(305,	'Pengelolaan/penataan dokumen pengadaan untuk tahap pemilihan penyedia',	53),
(306,	'Evaluasi kinerja pengadaan untuk tahap pemilihan penyedia',	53),
(307,	'Pengelolaan program manajemen mutu pengadaan barang/jasa',	54),
(308,	'Pengelolaan program manajemen risiko pengadaan barang/jasa',	54),
(309,	'Penyelesaian perbedaan/perselisihan pelaksanaan kontrak pengadaan barang/jasa',	54),
(310,	'Penanganan kegagalan teknis pelaksanaan kotrak pengadaan barang/jasa',	54),
(311,	'Pengawasan dan evaluasi pelaksanaan pengadaan barang/jasa swakelola',	54),
(312,	'Pengelolaan data dan informasi pengadaan untuk tahap manajemen kontrak',	54),
(313,	'Komunikasi dan koordinasi pengadaan untuk tahap manajemen kontrak',	54),
(314,	'Pengelolaan/penataan dokumen pengadaan untuk tahap manajemen kontrak',	54),
(315,	'Evaluasi kinerja pengadaan untuk tahap manajemen kontrak',	54),
(316,	'Inventarisasi kebutuhan aset dalam rangka pengadaan barang/jasa',	55),
(317,	'Pengelolaan data dan informasi pengadaan untuk tahap manajemen informasi aset',	55),
(318,	'Komunikasi dan koordinasi pengadaan untuk tahap manajemen informasi aset',	55),
(319,	'Pengelola/penataan dokumen pengadaan untuk tahap manajemen informasi aset',	55),
(320,	'Evaluasi kinerja pengadaan untuk tahap manajemen informasi aset',	55),
(321,	'Pembuatan karya tulis/karya ilmiah di bidang pengadaan barang/jasa',	56),
(322,	'Penyusunan petunjuk pelaksanaan, petunjuk teknis pengelolaan pengadaan barang/jasa',	56),
(323,	'Penerjemahan/penyaduran buku dan bahan lain di bidang PBJ',	56),
(324,	'Pengajar/pelatih/tutor/fasilitator di bidang PBJ',	57),
(325,	'Pemberian keterangan ahli/pendampingan/saran rekomendasi/tindakan koreksi',	57),
(326,	'Peran serta dalam seminar/lokakarya/konferensi di bidang pengadaan barang/jasa',	57),
(327,	'Peran serta dalam eksposes pengadaan barang/jasa',	57),
(328,	'Keanggotaan dalam Organisasi Profesi di bidang pengadaan barang/jasa',	57),
(329,	'Keanggotaan dalam tim penilai angka kredit',	57),
(330,	'Perolehan penghargaan/tanda jasa',	57),
(331,	'Perolehan gelar kesarjanaan lainnya',	57),
(332,	'Pendidikan formal dan memperoleh ijazah / gelar',	58),
(333,	'Pendidikan dan pelatihan fungsional dan memperoleh surat tanda tamat pendidikan dan pelatihan (STTP)',	58),
(334,	'Pendidikan dan Pelatihan Prajabatan',	58),
(347,	'Formasi',	59),
(348,	'Pengadaan',	59),
(349,	'Mutasi Kepegawaian',	59),
(350,	'Status dan Kedudukan Hukum Kepegawaian PNS',	59),
(351,	'Jabatan',	59),
(352,	'Peningkatan Pendidikan',	59),
(353,	'Mutasi Lain-lain',	59),
(354,	'Pendidikan dan Pelatihan',	59),
(355,	'Penggajian, Tunjangan dan Kesejahteraan',	59),
(356,	'Tata Usaha Kepegawaian',	59),
(357,	'Disiplin dan Pengendalian Kepegawaian',	59),
(358,	'Pemberhentian',	59),
(359,	'Rekrutmen Pegawai',	60),
(360,	'Computer Assisted Test (CAT)',	60),
(361,	'Pengembangan Jabatan',	60),
(362,	'Sistem Ketatausahaan Kepegawaian',	60),
(363,	'Pelaporan',	60),
(364,	'Pembuatan Karya tulis/karya ilmiah di bidang manajemen PNS',	61),
(365,	'Pembuatan petunjuk teknis dibidang',	61),
(366,	'Penerjemahan / penyaduran buku dan bahan-bahan lain di bidang manajemen PNS',	61),
(367,	'Pengajar/pelatih dibidang manajemen PNS',	62),
(368,	'Seminar, lokakarya dibidang manajemen PNS',	62),
(369,	'Keanggotaan organisasi profesi Analis Kepegawaian',	62),
(370,	'Keanggotan Tim Penilai',	62),
(371,	'Perolehan penghargaan / tanda jasa',	62),
(372,	'Perolehan gelar kesarjanaan lainnya',	62),
(373,	'Pendidikan formal dan memperoleh ijazah/gelar',	63),
(374,	'Pendidikan dan pelatihan fungsional dan memperoleh surat tanda tamat pendidikan dan pelatihan (STTP)',	63),
(375,	'Pendidikan dan Pelatihan Prajabatan',	63),
(376,	'Formasi',	64),
(377,	'Pengadaan',	64),
(378,	'Mutasi Kepegawaian',	64),
(379,	'Status dan Kedudukan Hukum Kepegawaian PNS',	64),
(380,	'Jabatan',	64),
(381,	'Peningkatan Pendidikan',	64),
(382,	'Mutasi Lain-lain',	64),
(383,	'Pendidikan dan Pelatihan',	64),
(384,	'Penggajian, Tunjangan dan Kesejahteraan',	64),
(385,	'Tata Usaha Kepegawaian',	64),
(386,	'Disiplin dan Pengendalian Kepegawaian',	64),
(387,	'Pemberhentian',	64),
(388,	'Sistem Rekrutmen Pegawai',	65),
(389,	'Sistem Computer Assisted Test (CAT)',	65),
(390,	'Sistem Pengembangan Jabatan',	65),
(391,	'Sistem Ketatausahaan Kepegawaian',	65),
(392,	'Penyusunan Naskah Akademik',	65),
(393,	'Pelaporan',	65),
(394,	'Pembuatan Karya tulis/karya ilmiah di bidang manajemen PNS',	66),
(395,	'Pembuatan petunjuk teknis dibidang',	66),
(396,	'Penerjemahan/penyaduran buku dan/atau bahan-bahan lain di bidang manajemen PNS',	66),
(397,	'Pengajar/pelatih di bidang manajemen PNS',	67),
(398,	'Seminar, lokakarya dibidang manajemen PNS',	67),
(399,	'Keanggotaan dalam organisasi profesi analis kepegawaian',	67),
(400,	'Keanggotaan dalam Tim Penilai',	67),
(401,	'Perolehan penghargaan/tanda jasa',	67),
(402,	'Perolehan gelar kesarjanaan lainnya',	67);

INSERT INTO `tbl_unit_kerja` (`id_unit_kerja`, `nm_unit_kerja`, `nip_atasan`, `id_posisi`) VALUES
(1,	'UPT Perpustakaan Pusat',	'196408151986031004',	4),
(2,	'Ekonomi',	'12345',	4),
(3,	'Hukum',	'12345',	4),
(4,	'Pasca Sarjana',	'12345',	4),
(5,	'Tata Usaha',	'12345',	2),
(6,	'Kepegawaian dan HKTL',	'12345',	2),
(7,	'Farmasi',	'12345',	2),
(8,	'Ilmu Budaya',	'12345',	2),
(9,	'Kedokteran',	'12345',	2),
(10,	'Keperawatan',	'12345',	2),
(11,	'Rektorat',	'12345',	2),
(12,	'Ekonomi',	'12345',	2),
(13,	'Pasca Sarjana',	'12345',	2),
(15,	'MIPA',	'12345',	3),
(16,	'Pertanian',	'12345',	3),
(17,	'Rektorat',	'12345',	5),
(18,	'Teknik ',	'12345',	3),
(19,	'Teknologi Pertanian',	'12345',	3),
(20,	'Ekonomi',	'12345',	3),
(21,	'Farmasi',	'12345',	3),
(22,	'Kedokteran',	'12345',	3),
(23,	'Rektorat',	'98765',	6);

INSERT INTO `tbl_unsur` (`id_unsur`, `nm_unsur`, `id_jabatan`, `kategori`) VALUES
(2,	'Pendidikan',	2,	'Unsur Utama'),
(3,	'Kegiatan Pengelolaan Arsip',	2,	'Unsur Utama'),
(4,	'Pendidikan',	5,	'Unsur Utama'),
(5,	'Pendidikan ',	4,	'Unsur Utama'),
(6,	'Pembianaan Kearsipan',	2,	'Unsur Utama'),
(7,	'Pengembangan Profesi Arsiparis',	2,	'Unsur Utama'),
(8,	'Penunjang Tugas Arsiparis',	2,	'Unsur Penunjang'),
(9,	'Kegiatan Pengelolaan Arsip',	5,	'Unsur Utama'),
(10,	'Pembianaan Kearsipan',	5,	'Unsur Utama'),
(11,	'Pengembangan Profesi Arsiparis',	5,	'Unsur Utama'),
(12,	'Penunjang Tugas Arsiparis',	5,	'Unsur Penunjang'),
(13,	'Pendidikan',	3,	'Unsur Utama'),
(14,	'Pengelolaan Perpustakaan',	3,	'Unsur Utama'),
(15,	'Pelayanan Perpustakaan',	3,	'Unsur Utama'),
(16,	'Pengembangan Sistem Kepustakawanan',	3,	'Unsur Utama'),
(17,	'Pengembangan Profesi Pustakawan',	3,	'Unsur Utama'),
(18,	'Penunjang Tugas Pustakawan',	3,	'Unsur Penunjang'),
(19,	'Pengelolaan Perpustakaan',	4,	'Unsur Utama'),
(20,	'Pelayanan Perpustakaan',	4,	'Unsur Utama'),
(21,	'Pengembangan Sistem Kepustakawanan',	4,	'Unsur Utama'),
(22,	'Pengembangan Profesi Pustakawan',	4,	'Unsur Utama'),
(23,	'Penunjang Tugas Pustakawan',	4,	'Unsur Penunjang'),
(24,	'Pendidikan',	6,	'Unsur Utama'),
(25,	'Pengelolaan Laboratorium',	6,	'Unsur Utama'),
(26,	'Pengembangan Profesi PLP',	6,	'Unsur Utama'),
(27,	'Penunjang Tugas PLP',	6,	'Unsur Penunjang'),
(28,	'Pendidikan',	7,	'Unsur Utama'),
(29,	'Pengelolaan Laboratorium',	7,	'Unsur Utama'),
(30,	'Pengembangan Profesi PLP',	7,	'Unsur Utama'),
(31,	'Penunjang Tugas PLP',	7,	'Unsur Penunjang'),
(32,	'Pendidikan',	8,	'Unsur Utama'),
(33,	'Pengembangan Teknologi Pembelajaran',	8,	'Unsur Utama'),
(34,	'Pengembangan Profesi PTP',	8,	'Unsur Utama'),
(35,	'Penunjang Tugas PTP',	8,	'Unsur Penunjang'),
(36,	'Pendidikan',	11,	'Unsur Utama'),
(37,	'Perencanaan Pengadaan',	11,	'Unsur Utama'),
(38,	'Pemilih Penyedia',	11,	'Unsur Utama'),
(39,	'Manajemen Kontrak',	11,	'Unsur Utama'),
(40,	'Manajemen Informasi Aset',	11,	'Unsur Utama'),
(42,	'Pengembangan profesi pengelola pengadaan barang/ja',	11,	'Unsur Utama'),
(43,	'Penunjang Tugas',	11,	'Unsur Penunjang'),
(44,	'Pendidikan',	12,	'Unsur Utama'),
(45,	'Perencanaan Pengadaan',	12,	'Unsur Utama'),
(46,	'Pemilihan Penyedia',	12,	'Unsur Utama'),
(47,	'Manajemen Kontrak',	12,	'Unsur Utama'),
(48,	'Manajemen Informasi Aset',	12,	'Unsur Utama'),
(49,	'Pengembangan profesi pengelola pengadaan barang/ja',	12,	'Unsur Utama'),
(50,	'Penunjang Tugas',	12,	'Unsur Penunjang'),
(51,	'Pendidikan',	13,	'Unsur Utama'),
(52,	'Perencanaan Pengadaan',	13,	'Unsur Utama'),
(53,	'Pemilihan Penyedia',	13,	'Unsur Utama'),
(54,	'Manajemen Kontrak',	13,	'Unsur Utama'),
(55,	'Manajemen Informasi Aset',	13,	'Unsur Utama'),
(56,	'Pengembangan profesi pengelola pengadaan barang/ja',	13,	'Unsur Utama'),
(57,	'Penunjang Tugas',	13,	'Unsur Penunjang'),
(58,	'Pendidikan',	9,	'Unsur Utama'),
(59,	'Manajemen PNS',	9,	'Unsur Utama'),
(60,	'Pengembangan Sistem Manajemen PNS',	9,	'Unsur Utama'),
(61,	'Pengembangan Profesi',	9,	'Unsur Utama'),
(62,	'Penunjang Tugas Analis Kepegawaian',	9,	'Unsur Penunjang'),
(63,	'Pendidikan',	10,	'Unsur Utama'),
(64,	'Manajemen PNS',	10,	'Unsur Utama'),
(65,	'Pengembangan Sistem Manajemen PNS',	10,	'Unsur Utama'),
(66,	'Pengembangan Profesi',	10,	'Unsur Utama'),
(67,	'Penunjang Tugas Analis Kepegawaian',	10,	'Unsur Penunjang');



-- 2019-05-03 01:07:40
