-- Adminer 4.7.1 MySQL dump

SET NAMES utf8;
SET time_zone = '+00:00';
SET foreign_key_checks = 0;
SET sql_mode = 'NO_AUTO_VALUE_ON_ZERO';



INSERT INTO `tbl_jabatan` (`id_jabatan`, `id_posisi`, `nm_jabatan`) VALUES
(2,	1,	'Arsiparis Terampil'),
(3,	2,	'Pustakawan Terampil'),
(4,	2,	'Pustakawan Ahli'),
(5,	1,	'Arsiparis Ahli'),
(6,	3,	'PLP Terampil'),
(7,	3,	'PLP Ahli'),
(8,	4,	'Pengembang Teknologi Pembelajaran'),
(9,	6,	'Analis Kepegawaian Tingkat Terampil'),
(10,	6,	'Analis Kepegawaian Tingkat Ahli'),
(11,	5,	'PBJ Pertama'),
(12,	5,	'PBJ Muda'),
(13,	5,	'PBJ Madya');



INSERT INTO `tbl_pangkat` (`id_pangkat`, `id_jabatan`, `nm_pangkat`, `angka_kredit_minimal`, `peringkat`) VALUES
(4,	2,	'Arsiparis Pelaksana - Pengatur (II/c)',	60,	60),
(5,	2,	'Arsiparis Pelaksana - Pengatur   Tk. I (II/d)',	80,	80),
(6,	2,	'Arsiparis Pelaksana Lanjutan -Penata Muda (III/a)',	100,	100),
(7,	2,	'Arsiparis Pelaksana Lanjutan -Penata Muda Tk. I (III/b)',	150,	150),
(8,	2,	'Arsiparis Penyelia - Penata (III/c)',	200,	200),
(9,	2,	'Arsiparis Penyelia - Penata Tk. I (III/d)',	300,	300),
(10,	5,	'Arsiparis Pertama - Penata Muda (III/a)',	100,	100),
(11,	5,	'Arsiparis Pertama - Penata Muda Tk. I (III/b)',	150,	150),
(12,	5,	'Arsiparis Muda - Penata (III/c)',	200,	200),
(13,	5,	'Arsiparis Muda - Penata Tk. I  (III/d)',	300,	300),
(14,	5,	'Arsiparis Madya - Pembina ( IV/a)',	400,	400),
(15,	5,	'Arsiparis Madya - Pembina Tk. I ( IV/b)',	550,	550),
(16,	5,	'Arsiparis Madya - Pembina Utama Muda ( IV/c)',	700,	700),
(17,	5,	'Arsiparis Utama - Pembina Utama Madya (IV/d)',	850,	850),
(18,	5,	'Arsiparis Utama - Pembina Utama  (IV/e)',	1050,	1050),
(19,	3,	'Pustakawan Pelaksana - Pengatur Muda Tk. I ( II/b)',	40,	40),
(20,	3,	'Pustakawan Pelaksana - Pengatur  ( II/c)',	60,	60),
(21,	3,	'Pustakawan Pelaksana - Pengatur  Tk. I ( II/d)',	80,	80),
(22,	3,	'Pust. Pelaksana Lanjutan - Penata Muda ( III/a)',	100,	100),
(23,	3,	'Pust. Pelaksana Lanjutan - Penata Muda Tk. I ( III/b)',	150,	150),
(24,	3,	'Pustakawan Penyelia - Penata (III/c)',	200,	200),
(25,	3,	'Pustakawan Penyelia - Penata Tk. I (III/d)',	300,	300),
(26,	4,	'Pustakawan Pertama - Penata Muda (III/a)',	100,	100),
(27,	4,	'Pustakawan Pertama - Penata Muda Tk. I (III/b)',	150,	150),
(28,	4,	'Pustakawan Muda - Penata (III/c)',	200,	200),
(29,	4,	'Pustakawan Muda - Penata  Tk. I (III/d)',	300,	300),
(30,	4,	'Pustakawan Madya - Pembina (IV/a)',	400,	400),
(31,	4,	'Pustakawan Madya - Pembina Tk. I  (IV/b)',	550,	550),
(32,	4,	'Pustakawan Madya - Pembina Utama Muda  (IV/c)',	700,	700),
(33,	4,	'Pustakawan Utama - Pembina Utama Madya  (IV/d)',	850,	850),
(34,	4,	'Pustakawan Utama - Pembina Utama  (IV/e)',	1050,	1050),
(35,	6,	'PLP Pelaksana - Pengatur (II/c)',	60,	60),
(36,	6,	'PLP Pelaksana - Pengatur Tk. I (II/d)',	80,	80),
(37,	6,	'PLP Pelaksana Lanjutan - Penata Muda (III/a)',	100,	100),
(38,	6,	'PLP Pelaksana Lanjutan - Penata Muda Tk. I (III/b)',	150,	150),
(39,	6,	'PLP Penyelia - Penata ( III/c)',	200,	200),
(40,	6,	'PLP Penyelia - Penata Tk. I ( III/d)',	300,	300),
(41,	8,	'PTP Ahli Pertama - Penata Muda (III/a)',	100,	100),
(42,	8,	'PTP Ahli Pertama - Penata Muda Tk. I (III/b)',	150,	150),
(43,	8,	'PTP Ahli Muda - Penata (III/c)',	200,	200),
(44,	8,	'PTP Ahli Muda - Penata  Tk. I (III/d)',	300,	300),
(45,	8,	'PTP Ahli Madya - Pembina (IV/a)',	400,	400),
(46,	8,	'PTP Ahli Madya - Pembina Tk. I (IV/b)',	550,	550),
(47,	8,	'PTP Ahli Madya - Pembina Utama Muda (IV/c)',	700,	700),
(48,	8,	'PTP Ahli Utama - Pembina Utama Madya (IV/d)',	850,	850),
(49,	8,	'PTP Ahli Utama - Pembina Utama  (IV/e)',	1050,	1050);

INSERT INTO `tbl_pegawai` (`id_pegawai`, `nip`, `password`, `no_karpeg`, `nm_lengkap`, `tempat_lahir`, `tgl_lahir`, `email`, `nohp`, `pendidikan`, `tgl_lulus`, `jk`, `id_jabatan_pangkat`, `id_unit_kerja`, `foto`, `kredit_awal_utama`, `kredit_awal_penunjang`, `tmt_jabatan`) VALUES
(4,	'12345',	'827ccb0eea8a706c4c34a16891f84e7b',	'N. 12345',	'Pejabat Pengusul',	'Padang',	'2012-10-10',	'email@mail.com',	'08123456789',	'Sarjana (S1)/Diploma IV',	'2019-02-01',	'Laki-laki',	5,	17,	'140319172209931200.png',	0,	0,	'2019-02-25'),
(5,	'11111',	'b0baee9d279d34fa1dfd71aadb908c3f',	'11111',	'Pustakawan',	'padang',	'1980-10-10',	'pustakawan@gmail.com',	'089512345',	'Sarjana (S1)/Diploma IV',	'2019-02-01',	'Perempuan',	23,	1,	'010319181639087600.jpg',	68.3443,	17.0861,	'2019-02-06'),
(7,	'98765',	'c37bf859faf392800d739a41fe5af151',	'N. 98765',	'Tim Penilai',	'Padang',	'2003-04-04',	'tim@pegawai.com',	'089876544321',	'Sarjana (S1)/Diploma IV',	'2019-02-06',	'Laki-laki',	6,	23,	'140319172258255400.png',	0,	0,	'2019-02-04'),
(8,	'77777',	'22a4d9b04fe95c9893b41e2fde83a427',	'N. 1234',	'Pejabat Pengusul',	'padang',	'1995-10-10',	'pejabatpengusul@gmail.com',	'087777777777',	'Sarjana (S1)/Diploma IV',	'2019-02-01',	'Laki-laki',	33,	1,	'010319183004572200.jpg',	0,	0,	'2019-02-07'),
(9,	'197510172001122002',	'a386c7c329ce38ff6af74159a6f23dca',	'L.043398',	'Zasmi Fitriani, A.Md',	'Padang',	'1975-10-17',	'zasmifitriani@gmail.com',	'08527412345',	'Sarjana (S1)/Diploma IV',	'1994-04-04',	'Perempuan',	3,	1,	'010319175612772500.jpg',	110,	56,	'2013-08-01'),
(10,	'123456789',	'25f9e794323b453885f5181f1b624d0b',	'N. 123456789',	'Staff Kepegawaian',	'Padang',	'1995-03-01',	'egodasa@gmail.com',	'081266838995',	'Sarjana (S1)/Diploma IV',	'2002-03-25',	'Laki-laki',	5,	17,	'140319172409695500.png',	0,	0,	'2010-10-10'),
(11,	'197811032008102001',	'308d787c529a38e53297c0a177b35cea',	'N. 541906',	'NANI, S.I.Pust',	'Padang',	'1978-11-03',	'nani78@yahoo.com',	'081274332567',	'Sarjana (S1)/Diploma IV',	'2015-04-01',	'Perempuan',	4,	1,	'220319040235347600.jpg',	68.3443,	17.0861,	'2015-04-01'),
(12,	'196408151986031004',	'fa10c081a4d9a01599098745d714fe5b',	'N. 12345',	'Drs.Yasir, S.Sos',	'Padang',	'1964-08-15',	'yasir64@gmail.com',	'081234567811',	'Sarjana (S1)/Diploma IV',	'1981-03-06',	'Laki-laki',	35,	1,	'220319071110693800.jpg',	0,	0,	'1986-03-06');

INSERT INTO `tbl_posisi` (`id_posisi`, `nm_posisi`, `jenis_posisi`) VALUES
(1,	'Arsiparis',	'Tenaga Kependidikan'),
(2,	'Pustakawan',	'Tenaga Kependidikan'),
(3,	'Pranata Laboratorium Pendidikan (PLP)',	'Tenaga Kependidikan'),
(4,	'Pengembang Teknologi Pembelajaran (PTP)',	'Tenaga Kependidikan'),
(5,	'Pengelola Pengadaan Barang/Jasa (PBJ)',	'Tenaga Kependidikan'),
(6,	'Analis Kepegawaian',	'Tenaga Kependidikan');

INSERT INTO `tbl_sub_unsur` (`id_sub_unsur`, `nm_sub_unsur`, `id_unsur`) VALUES
(2,	'Pendidikan Sekolah',	2),
(3,	'Pendidikan Sekolah dan Memperoleh Ijazah/Gelar',	5),
(4,	'Pendidikan dan pelatihan teknis fungsional dibidang kearsipan',	2),
(5,	'Pendidikan dan pelatihan prajabatan',	2),
(6,	'Ketatalaksanaan kearsipan',	3),
(7,	'Pengolahan arsip',	3),
(8,	'Perawatan dan pemeliharaan kearsipan',	3),
(9,	'Pelayanan kearsipan',	3),
(10,	'Publikasi kearsipan',	3),
(16,	'Bimbingan dan supervisi kearsipan',	6),
(17,	'Membuat karya tulis/karya ilmiah di bidang kearsipan',	7),
(18,	'Menemukan teknologi tepat guna di bidang kearsipan',	7),
(19,	'Uji Kompetensi',	7),
(20,	'Penerjemahan / penyaduran buku dan bahan lainnya di bidang kearsipan',	7),
(21,	'Pengajar/pelatih di bidang kearsipan',	8),
(22,	'Mengikuti bimbingan di bidang kearsipan',	8),
(23,	'Peran serta dalam seminar/lokakarya di bidang kearsipan',	8),
(24,	'Keanggotaan dalam organisasi profesi Arsiparis',	8),
(25,	'Keanggotaan dalam tim penilai jabatan fungsional Arsiparis',	8),
(26,	'Perolehan penghargaan/tanda jasa',	8),
(27,	'Perolehan gelar kesarjanaan lainnya',	8),
(28,	'Pendidikan Sekolah',	4),
(29,	'Pendidikan dan pelatihan teknis fungsional dibidang kearsipan',	4),
(30,	'Pendidikan dan pelatihan prajabatan',	4),
(31,	'Ketatalaksanaan kearsipan',	9),
(32,	'Pengolahan arsip',	9),
(33,	'Perawatan dan pemeliharaan kearsipan',	9),
(34,	'Pelayanan kearsipan',	9),
(35,	'Publikasi kearsipan',	9),
(36,	'Bimbingan dan supervisi kearsipan',	10),
(37,	'Membuat karya tulis/karya ilmiah di bidang kearsipan',	11),
(38,	'Menemukan teknologi tepat guna di bidang kearsipan',	11),
(39,	'Uji Kompetensi',	11),
(40,	'Penerjemahan / penyaduran buku dan bahan lainnya di bidang kearsipan',	11),
(41,	'Pengajar/pelatih di bidang kearsipan',	12),
(42,	'Mengikuti bimbingan di bidang kearsipan',	12),
(43,	'Peran serta dalam seminar/lokakarya di bidang kearsipan',	12),
(44,	'Keanggotaan dalam organisasi profesi Arsiparis',	12),
(45,	'Keanggotaan dalam tim penilai jabatan fungsional Arsiparis',	12),
(46,	'Perolehan penghargaan/tanda jasa',	12),
(47,	'Perolehan gelar kesarjanaan lainnya',	12),
(48,	'Pendidikan formal dan memperoleh ijazah/gelar',	24),
(49,	'Pendidikan dan pelatihan fungsional di bidang pengelolaan laboratorium serta memperoleh Surat Tanda Tamat Pendidikan dan Pelatih  (STTPP) atau sertifikat',	24),
(50,	'Pendidikan dan pelatihan prajabatan',	24),
(51,	'Perancangan kegiatan laboratorium',	25),
(52,	'Pengoperasian peralatan dan penggunaan bahan',	25),
(53,	'Pemeliharaan /perawatan peralatan dan bahan',	25),
(54,	'Pengevaluasi sistem kerja laboratorium',	25),
(55,	'Pengembangan karya tulis di bidang pengolahan laboratorium',	25),
(56,	'Pembuatan karya tlis ilmiah di bidang pengolahan laboratorium',	26),
(57,	'Penerjemahan buku dan pustaka lainnya di bidang pengeloaan laboratorium',	26),
(58,	'Penyusunan standar dan latau pedoman pengelolaan laboratorium ',	26),
(59,	'Penemuan teknologi tepatguna di bidang pengelolaan laboratorium',	26),
(60,	'Perolehan sertifikat profesi',	26),
(61,	'Pengajar/pelatih di bidang laboratorium',	27),
(62,	'Pemberian bimbingan di bidang pengelolaan laboratorium',	27),
(63,	'Peran serta dalam seminar/lokakarya di bidang pengelolaan laboratorium',	27),
(64,	'Keanggotaan dalam organisasi profesi',	27),
(65,	'Keanggotaan dalam tim penilai angkat kredit jabatan fungsional PLP',	27),
(66,	'Perolehan penghargaan/tanda jasa',	27),
(67,	'Perolehan gelar kesarjanaan lainnya',	27),
(68,	'Pendidikan formal dan memperoleh ijazah/gelar',	28),
(69,	'Pendidikan dan pelatihan fungsional dibidang pengelolaan laboratoium serta memperoleh Surat Tanda Tamat Pendidikan dan Pelatih (STTPP) atau sertifikat',	28),
(70,	'Pendidikan dan pelatihan prajabatan',	28),
(71,	'Perancangan kegiatan laboratorium',	29),
(72,	'Pengoperasian peralatan dan penggunaan bahan',	29),
(73,	'Pemeliharaan /perawatan peralatan dan bahan',	29),
(74,	'Pengevaluasi sistem kerja laboratorium',	29),
(75,	'Pengembangan kegiatan laboratorium',	29),
(76,	'Pembuatan karya tulis ilmiah di bidang pengolahan laboratorium',	30),
(77,	'Penerjemahan buku dan pustaka lainnya di bidang pengeloaan laboratorium',	30),
(78,	'Penyusunan standar dan latau pedoman pengelolaan laboratorium ',	30),
(79,	'Penemuan teknologi tepatguna di bidang pengelolaan laboratorium',	30),
(80,	'Perolehan sertifikat profesi',	30),
(81,	'Pengajar/pelatih di bidang pengelolaan laboratorium',	31),
(82,	'Pemberian bimbingan di bidang pengelolaan',	31),
(83,	'Peran serta dalam seminar/lokakarya di bidang pengelolaan laboratorium',	31),
(84,	'Keanggotaan dalam organisasi profesi',	31),
(85,	'Keanggotaan dalam tim penilai angkat kredit jabatan fungsional PLP',	31),
(86,	'Perolehan penghargaan/tanda jasa',	31),
(87,	'Perolehan gelar kesarjanaan lainnya',	31),
(88,	'Pendidikan Sekolah dan Memperoleh Ijazah/Gelar',	13),
(89,	'Diklat Fungsional/Teknis Kepustakawanan serta memperoleh Surat Tanda Tamat Pendidikan dan Pelatihan (STTTP) atau Sertifikat',	13),
(90,	'Diklat Prajabatan',	13),
(91,	'Perencanaan Penyelenggaraan Kegiatan Perpustakaan',	14),
(92,	'Monitoring dan Evaluasi Penyelenggaraan Kegiatan Perpustakaan',	14),
(93,	'Pelayanan Teknis',	15),
(94,	'Pelayanan Pemustaka',	15),
(95,	'Pengembangan Kepustakawanan',	16),
(96,	'Pembuatan Karya Tulis/Karya Ilmiah di bidang Kepustakawanan',	17),
(97,	'Penerjemahan/penyaduran buku dan/atau bahan-bahan lain di bidang Kepustakawanan',	17),
(98,	'Penyusunan buku pedoman/ketentuan pelaksanaan/ketentuan teknis di bidang Kepustakawanan',	17),
(99,	'Pengajar/pelatih pada diklat fungsional/teknis di bidang Kepustakawanan',	18),
(100,	'Peran serta dalam seminar/ lokakarya/konferensi di bidang Kepustakawanan',	18),
(101,	'Keanggotaan dalam Organisasi Profesi',	18),
(102,	'Keanggotaan dalam Tim Penilai',	18),
(103,	'Perolehan Penghargaan/Tanda Jasa',	18),
(104,	'Perolehan gelar/ijazah kesarjanaan lainnya',	18),
(105,	'Diklat Fungsional/Teknis Kepustakawanan serta memperoleh Surat Tanda Tamat Pendidikan dan Pelatihan (STTTP) atau Sertifikat',	5),
(106,	'Diklat Prajabatan',	5),
(107,	'Perencanaan Penyelenggaraan Kegiatan Perpustakaan',	19),
(108,	'Monitoring dan Evaluasi Penyelenggaraan Kegiatan Perpustakaan',	19),
(109,	'Pelayanan Teknis',	20),
(110,	'Pelayanan Pemustaka',	20),
(111,	'Pengkajian Kepustakawanan',	21),
(112,	'Pengembangan Kepustakawanan',	21),
(113,	'Penganalisisan/ pengkritisian karya Kepustakawanan',	21),
(114,	'Penelaahan Pengembangan Sistem Kepustakawanan',	21),
(115,	'Pembuatan Karya Tulis/Karya Ilmiah di bidang Kepustakawanan',	22),
(116,	'Penerjemahan/penyaduran buku dan/atau bahan-bahan lain di bidang Kepustakawanan',	22),
(117,	'Penyusunan buku pedoman/ketentuan pelaksanaan/ ketentuan',	22),
(118,	'Pengajar/pelatih pada diklat fungsional/teknis di bidang Kepustakawanan',	23),
(119,	'Peran serta dalam seminar/lokakarya/konferensi di bidang Kepustakawanan',	23),
(120,	'Keanggotaan dalam Organisasi Profesi',	23),
(121,	'Keanggotaan dalam Tim Penilai',	23),
(122,	'Perolehan Penghargaan/Tanda Jasa',	23),
(123,	'Perolehan gelar/ijazah kesarjanaan lainnya',	23),
(124,	'Pendidikan sekolah dan mendapat gelar/ ijazah',	32),
(125,	'Pendidikan dan pelatihan fungsional di bidang teknolog pendidikan/ pembelajaran serta memperoleh Surat Tanda Tamat Pendidikan dan Pelatihan (STTPP) atau sertifikat.',	32),
(126,	'Pendidikan dan pelatihan prajabatan',	32),
(127,	'Analisis dan Pengkajian',	33),
(128,	'Perancangan',	33),
(129,	'Produksi media pembelajaran',	33),
(130,	'Implementasi (pemanfaatan media pembelajaran atau penerapan model pembelajaran)',	33),
(131,	'Pengendalian (Pemantauan)',	33),
(132,	'Evaluasi',	33),
(133,	'Pembuatan karya tulis/karya ilmiah di bidang pengembangan teknologi pembelajaran',	34),
(134,	'Penerjemahan/penyaduran buku dan bahan lainnya di bidang pengembangan teknologi pembelajaran',	34),
(135,	'Penyusunan buku pedoman/ketentuan pelaksanaan/ ketentuan teknis di bidang pengembangan teknologi pembelajaran',	34),
(136,	'Pelaksanaan studi banding di bidang pengembangan teknologi pembelajaran dan pendidikan terbuka/jarak jauh',	34),
(137,	'Pengajar/pelatih di bidang pengembangan teknologi pembelajaran',	35),
(138,	'Peran serta dalam seminar/lokakarya di bidang pengembangan teknologi pembelajaran',	35),
(139,	'Keanggotaan dalam organisasi profesi',	35),
(140,	'Keanggotaan dalam Tim Penilai',	35),
(141,	'Perolehan penghargaan/tanda jasa',	35),
(142,	'Perolehan gelar kesarjanaan lainnya',	35),
(143,	'Pendidikan Sekolah dan Memperoleh Ijazah/Gelar',	36),
(144,	'Pendidikan dan pelatihan fungsional di bidang pengadaan barang/jasa dan memperoleh Surat Tanda Tamat Pendidikan dan Pelatih  (STTPP)',	36),
(145,	'Pendidikan dan pelatihan prajabatan',	36),
(146,	'Penyusunan dokumen rencana kebutuhan barang/jasa',	37),
(147,	'Analisa pasar barang/jasa',	37),
(148,	'Penyusunan rencana anggaran/biaya pengadaan barang/jasa',	37),
(149,	'Penyusunan rencana pemekatan pekerjaan pengadaan barang/jasa',	37),
(150,	'Penyusunan organisasi pelaksana pengadaan barang/jasa',	37),
(151,	'Penyusunan dokumen rencana umum pengadaan barang/jasa',	37),
(152,	'Pengumuman rencana umum pengadaan barang/jasa',	37),
(153,	'Penyusunan rencana pelaksanaan pengadaan barang/jasa melalui penyedia barang/jasa',	37),
(154,	'Penyusunan rencana pelaksanaan pengadaan barang/jasa swakelola',	37),
(155,	'Penetapan strategi pengadaan barang/jasa',	37),
(156,	'Pengelolaan data dan informasi pengadaan barang/jasa untuk tahap perencanaan',	37),
(157,	'Komunikasi dan koordinasi pengadaan untuk tahap perencanaan',	37),
(158,	'Pengelolaan/penataan dokumen pengadaan untuk tahap perencanaan',	37),
(159,	'Evaluasi kinerja pengadaan untuk tahap perencanaan',	37),
(160,	'Penyusunan rencana pemilhan penyedia barang/jasa',	38),
(161,	'Pemeriksaan dokumen spesifikasi barang/jasa',	38),
(162,	'Pembuatan rancangan kontrak pengadaan barang/jasa',	38),
(163,	'Penyusunan harga perkiraan sendiri (HPS) barang/jasa',	38),
(164,	'Penyusunan dokumen pengadaan barang/jasa',	38),
(165,	'Evaluasi dokumen prakualifikasi penyedia barang/jasa',	38),
(166,	'Pembuatan pengumuman pelaksanaan pengadaan',	38),
(167,	'Penjelasan dokumen pengadaan barang/jasa',	38),
(168,	'Pembukaan dokumen penawaran penyedia barang/jasa',	38),
(169,	'Evaluasi dokumen penawaran penyedia barang/jasa',	38),
(170,	'Penetapan dan pengumuman pemenang pemilhan penyedia barang/jasa',	38),
(171,	'Pengelolaan sanggahan peserta pemilihan penyedia barang/jasa',	38),
(172,	'Klarifikasi dan negosiasi penawaran penyedia barang/jasa',	38),
(173,	'Penunjuk penyedia barang/jasa',	38),
(174,	'Pengadaan barang/jasa dengan sistem e-procurement',	38),
(175,	'Pengadaan barang/jasa dengan sistem e-purchasing',	38),
(176,	'Pengolahan data dan informasi pengadaan untuk tahap pemilihan penyedia',	38),
(177,	'Komunikasi dan koordinasi pengadaan untuk tahap pemilihan penyedia',	38),
(178,	'Pengelola/penataan dokumen pengadaan untuk tahap pemilihan penyedia',	38),
(179,	'Evaluasi kinerja pengadaan untuk tahap pemilihan penyedia',	38),
(180,	'Verifikasi dokumen kontrak pengadaan barang/jasa',	39),
(181,	'Persiapan pelaksanaan kontrak pengadaan barang/jasa',	39),
(182,	'Pengelolaan program manajemen mutu pengadaan barang/jasa',	39),
(183,	'Pengelolaan program manajemen risiko pengadaan barang/jasa',	39),
(184,	'Pengendalian dan pengawasan pelaksanaan kontrak pengadaan barang/jasa',	39),
(185,	'penilaian prestasi pelaksanaan kontrak pengadaan barang/jasa',	39),
(186,	'Pengendalian keuangan pelaksanaan pekerjaan pengadaan barang/jasa',	39),
(187,	'Pengelolaan jaminan kontrak pengadaan barang/jasa',	39),
(188,	'Penyelesaian perbedaan/perselisihan pelaksanaan kontrak pengadaan barang/jasa',	39),
(189,	'Pembuatan perubahan dokumen kontrak pengadaan barang/jasa',	39),
(190,	'Penanganan kegagalan teknis pelaksanaan kotrak pengadaan barang/jasa',	39),
(191,	'Pemutusan pelaksanaan kontrak pengadaan barang/jasa',	39),
(192,	'Penerimaan hasil pengadaan barang/jasa',	39),
(193,	'Penyerahan barang hasil pengadaan menjadi barang milik negara/daerah',	39),
(194,	'Pelaksanaan pengadaan barang/jasa secara swakelola',	39),
(195,	'Pengawasan dan evaluasi pelaksanaan pengadaan barang/jasa swakelola',	39),
(196,	'Pembuatan laporan pelaksanaan pengadaan barang/jasa',	39),
(197,	'Pengelolaan data dan informasi pengadaan barang/jasa untuk tahap manajemen kontrak',	39),
(198,	'Komunikasi dan koordinasi pengadaan untuk tahap manajemen kontrak',	39),
(199,	'Pengelolaan/penataan dokumen pengadaan untuk tahap manajemen kontrak',	39),
(200,	'Evaluasi kinerja pengadaan untuk tahap manajemen kontrak',	39);

INSERT INTO `tbl_unit_kerja` (`id_unit_kerja`, `nm_unit_kerja`, `nip_atasan`, `id_posisi`) VALUES
(1,	'UPT Perpustakaan Pusat',	'196408151986031004',	4),
(2,	'Ekonomi',	'12345',	4),
(3,	'Hukum',	'12345',	4),
(4,	'Pasca Sarjana',	'12345',	4),
(5,	'Tata Usaha',	'12345',	2),
(6,	'Kepegawaian dan HKTL',	'12345',	2),
(7,	'Farmasi',	'12345',	2),
(8,	'Ilmu Budaya',	'12345',	2),
(9,	'Kedokteran',	'12345',	2),
(10,	'Keperawatan',	'12345',	2),
(11,	'Rektorat',	'12345',	2),
(12,	'Ekonomi',	'12345',	2),
(13,	'Pasca Sarjana',	'12345',	2),
(15,	'MIPA',	'12345',	3),
(16,	'Pertanian',	'12345',	3),
(17,	'Rektorat',	'12345',	5),
(18,	'Teknik ',	'12345',	3),
(19,	'Teknologi Pertanian',	'12345',	3),
(20,	'Ekonomi',	'12345',	3),
(21,	'Farmasi',	'12345',	3),
(22,	'Kedokteran',	'12345',	3),
(23,	'Rektorat',	'98765',	6);

INSERT INTO `tbl_unsur` (`id_unsur`, `nm_unsur`, `id_jabatan`, `kategori`) VALUES
(2,	'Pendidikan',	2,	'Unsur Utama'),
(3,	'Kegiatan Pengelolaan Arsip',	2,	'Unsur Utama'),
(4,	'Pendidikan',	5,	'Unsur Utama'),
(5,	'Pendidikan ',	4,	'Unsur Utama'),
(6,	'Pembianaan Kearsipan',	2,	'Unsur Utama'),
(7,	'Pengembangan Profesi Arsiparis',	2,	'Unsur Utama'),
(8,	'Penunjang Tugas Arsiparis',	2,	'Unsur Penunjang'),
(9,	'Kegiatan Pengelolaan Arsip',	5,	'Unsur Utama'),
(10,	'Pembianaan Kearsipan',	5,	'Unsur Utama'),
(11,	'Pengembangan Profesi Arsiparis',	5,	'Unsur Utama'),
(12,	'Penunjang Tugas Arsiparis',	5,	'Unsur Penunjang'),
(13,	'Pendidikan',	3,	'Unsur Utama'),
(14,	'Pengelolaan Perpustakaan',	3,	'Unsur Utama'),
(15,	'Pelayanan Perpustakaan',	3,	'Unsur Utama'),
(16,	'Pengembangan Sistem Kepustakawanan',	3,	'Unsur Utama'),
(17,	'Pengembangan Profesi Pustakawan',	3,	'Unsur Utama'),
(18,	'Penunjang Tugas Pustakawan',	3,	'Unsur Penunjang'),
(19,	'Pengelolaan Perpustakaan',	4,	'Unsur Utama'),
(20,	'Pelayanan Perpustakaan',	4,	'Unsur Utama'),
(21,	'Pengembangan Sistem Kepustakawanan',	4,	'Unsur Utama'),
(22,	'Pengembangan Profesi Pustakawan',	4,	'Unsur Utama'),
(23,	'Penunjang Tugas Pustakawan',	4,	'Unsur Penunjang'),
(24,	'Pendidikan',	6,	'Unsur Utama'),
(25,	'Pengelolaan Laboratorium',	6,	'Unsur Utama'),
(26,	'Pengembangan Profesi PLP',	6,	'Unsur Utama'),
(27,	'Penunjang Tugas PLP',	6,	'Unsur Penunjang'),
(28,	'Pendidikan',	7,	'Unsur Utama'),
(29,	'Pengelolaan Laboratorium',	7,	'Unsur Utama'),
(30,	'Pengembangan Profesi PLP',	7,	'Unsur Utama'),
(31,	'Penunjang Tugas PLP',	7,	'Unsur Penunjang'),
(32,	'Pendidikan',	8,	'Unsur Utama'),
(33,	'Pengembangan Teknologi Pembelajaran',	8,	'Unsur Utama'),
(34,	'Pengembangan Profesi PTP',	8,	'Unsur Utama'),
(35,	'Penunjang Tugas PTP',	8,	'Unsur Penunjang'),
(36,	'Pendidikan',	11,	'Unsur Utama'),
(37,	'Perencanaan Pengadaian',	11,	'Unsur Utama'),
(38,	'Pemilih Penyedia',	11,	'Unsur Utama'),
(39,	'Manajemen Kontrak',	11,	'Unsur Utama'),
(40,	'Manajemen Informasi Aset',	11,	'Unsur Utama'),
(41,	'Penunjang Tugas',	11,	'Unsur Penunjang');



-- 2019-05-02 03:22:05
